年月日,星期,未調整收盤價(元),日報酬率 %,近一週報酬率 %,近一月報酬率 %,近一季報酬率 %,近一年報酬率 %,本週以來報酬率 %,本月以來報酬率 %,本季以來報酬率 %,本年以來報酬率 %,超額報酬(日)-大盤,超額報酬(週)-大盤,超額報酬(月)-大盤,超額報酬(季)-大盤,超額報酬(年)-大盤,超額報酬(日)-MSCI,超額報酬(週)-MSCI,超額報酬(月)-MSCI,超額報酬(季)-MSCI
2023/07/20,4,14.12,0.1418,0.2537,-0.5812,7.1462,17.1067,-0.719,0.8182,0.8182,20.6226,-0.5851,-1.4545,-1.024,1.7416,-7.4525,0.1357,-0.0977,-0.3077,-2.7426
2023/07/19,3,14.1,-0.9831,0.7462,-1.1336,6.5238,17.858,-0.8595,0.6754,0.6754,20.4518,-0.8442,-0.0316,-0.6291,3.8941,-7.0848,-0.3505,-0.4285,-0.1893,-3.2285
2023/07/18,2,14.24,-0.152,1.6035,0.3333,6.4884,19.0282,0.1248,1.675,1.675,21.6477,0.7274,1.0356,0.6194,3.6259,-5.8225,0.432,-0.7491,0.7965,-3.0966
2023/07/17,1,14.47,0.2772,2.9161,0.4861,6.4959,20.3084,0.2772,1.8298,1.8298,21.8329,-0.066,0.969,-0.1125,3.2349,-7.8145,0.0611,-1.914,0.3645,-2.9524
2023/07/14,5,14.43,0.9797,2.6316,0.4874,6.2786,20.8253,2.6316,1.5483,1.5483,21.4961,-0.6831,1.4775,0.0443,2.5572,-8.1066,-0.3786,-1.8806,0.5592,-3.0682
2023/07/13,4,14.29,0.6338,1.1324,-0.5568,5.4003,20.0308,1.6359,0.5631,0.5631,20.3174,0.8282,2.8949,0.9428,3.0394,-9.0169,-0.1928,-1.482,0.8763,-3.3843
2023/07/12,3,14.2,-0.1406,-0.4905,0.2116,4.1315,22.6634,0.9958,-0.0703,-0.0703,19.5596,0.2064,1.7983,0.2073,2.04,-8.1191,-0.6648,-0.1162,0.4547,-2.6744
2023/07/11,2,14.22,1.138,-0.6984,0.7081,4.5801,19.6316,1.138,0.0704,0.0704,19.7279,0.658,1.1765,0.8927,1.7057,-7.859,-0.6845,0.7375,0.7095,-1.4534
2023/07/10,1,14.06,0,-1.4025,-0.4251,3.2538,16.9908,0,-1.0556,-1.0556,18.3808,0.4373,0.7333,0.2364,0.1924,-9.4478,0.0878,1.3661,1.3662,-0.9397
2023/07/07,5,14.06,-0.4954,-1.0556,-0.2131,2.9561,17.8199,-1.0556,-1.0556,-1.0556,18.3808,0.7731,-0.1089,-0.0688,-1.1752,-11.2804,-0.0131,0.7463,1.7201,-1.4007
2023/07/06,4,14.13,-0.9811,-0.2119,1.4356,3.5433,21.6636,-0.563,-0.563,-0.563,18.9702,-0.252,-1.1553,-1.0175,-2.3384,-12.244,1.1289,1.281,1.8257,-1.3569
2023/07/05,3,14.27,-0.3492,0.4222,2.6617,4.5693,20.1473,0.4223,0.4223,0.4223,20.1489,-0.4244,-2.152,-0.1687,-1.8594,-10.5377,0.1978,-0.083,0.4343,-1.9278
2023/07/04,2,14.32,0.4208,0.9161,3.2443,4.9357,21.6268,0.7742,0.7742,0.7742,20.57,0.2081,-2.0055,-0.4179,-1.413,-10.7177,-0.0249,-0.4517,0.6741,-2.1471
2023/07/03,1,14.26,0.3519,-0.6272,2.8116,4.496,20.4442,0.3519,0.3519,0.3519,20.0647,-0.4206,-2.8466,-0.6305,-1.627,-9.9784,-0.5537,-0.6715,0.6966,-2.1117
2023/06/30,5,14.21,0.3531,-1.729,2.451,4.7341,16.778,-1.729,2.451,4.1296,19.6437,-0.2624,-2.2721,-1.6536,-0.8236,-6.8844,0.5222,0.0827,1.2004,-0.9494
2023/06/29,4,14.16,-0.3519,-2.0748,2.3858,4.975,13.2197,-2.0748,2.0906,3.7632,19.2227,-1.2266,-2.0028,-0.6653,-0.8599,-5.3769,-0.2275,-0.4294,1.0016,-1.5376
2023/06/28,3,14.21,0.1409,-1.7289,3.5711,5.3457,12.4369,-1.7289,2.4511,4.1296,19.6438,-0.2732,-0.7905,-0.1472,0.7419,-4.9812,-0.1656,-0.2061,1.3676,-1.8579
2023/06/27,2,14.19,-1.115,-1.5267,3.4254,4.511,11.122,-1.8672,2.3069,3.9831,19.4754,-0.6439,0.1558,0.1348,1.7898,-3.7097,-0.2492,0.3386,1.5342,-1.4718
2023/06/26,1,14.35,-0.7607,-0.8293,4.5916,5.2316,14.6528,-0.7607,3.4605,5.1556,20.8226,0.1193,0.6083,0.8121,1.8744,-3.3999,0.2056,0.8389,1.8105,-0.7701
2023/06/21,3,14.46,0.347,0.6963,6.7944,8.0668,11.3518,0.4166,4.2536,5.9616,21.7487,0.6871,0.9918,0.4793,1.0824,-5.2061,0.3893,1.5315,-0.0048,-2.2381
2023/06/20,2,14.41,-0.4147,0.2783,6.4251,7.5348,13.0944,0.0694,3.8931,5.5952,21.3277,-0.1915,0.5371,-0.2528,-0.0886,-6.8232,0.252,1.0938,-0.4193,-3.5039
2023/06/19,1,14.47,0.4861,2.1171,6.8683,7.7452,12.5692,0.4861,4.3257,6.0349,21.833,0.4057,0.8238,-0.0482,-0.7512,-3.5542,0.636,0.2261,-0.6933,-3.3618
2023/06/16,5,14.4,-0.346,1.9829,8.8433,8.4966,10.49,1.9829,3.821,5.522,21.2436,-0.1899,1.3128,0.6962,-1.7334,-4.1611,0.072,-0.8444,-2.6558,-4.7188
2023/06/15,4,14.45,0.6267,3.2879,10.4737,8.3909,10.08,2.337,4.1815,5.8884,21.6646,0.282,1.2766,1.0579,-0.9185,-2.7732,0.1843,-1.0065,-3.0302,-4.2539
2023/06/14,3,14.36,-0.0696,1.9162,9.5345,8.2756,9.3944,1.6997,3.5327,5.2289,20.9068,0.2339,1.3536,1.5592,-1.4395,-2.7211,-0.0471,-0.6493,-3.3662,-4.0979
2023/06/13,2,14.37,1.4114,3.1586,9.6108,6.4544,9.236,1.7705,3.6048,5.3022,20.991,0.0819,0.979,1.3068,-2.6463,-2.9337,-0.6325,-0.5416,-3.3153,-4.3665
2023/06/12,1,14.17,0.3541,1.9424,8.0853,5.6664,5.1618,0.3541,2.1628,3.8366,19.3071,0.8894,1.47,1.2023,-1.3049,-2.5858,-0.4136,-0.1505,-2.579,-3.3422
2023/06/09,5,14.12,0.9292,1.8024,6.1653,4.071,3.993,1.8024,1.8024,3.4702,18.8862,-0.2449,-0.1044,0.3388,-0.8816,-4.5513,-0.0736,0.7036,-1.6679,-2.4129
2023/06/08,4,13.99,-0.7097,2.0423,5.5052,3.1129,2.4683,0.8652,0.8651,2.5177,17.7916,0.3707,0.6488,2.3698,-0.6218,-5.7036,0.513,0.5425,-1.8696,-2.0343
2023/06/07,3,14.09,1.1486,1.5861,6.8232,3.6995,4.2048,1.5861,1.5861,3.2504,18.6336,-0.151,-1.2709,2.5565,-1.511,-5.478,0.065,-0.4653,-2.4617,-2.2617
2023/06/06,2,13.93,0.2158,0.4325,5.6102,3.0445,2.1695,0.4326,0.4325,2.078,17.2864,0.5793,-1.5108,2.6811,-0.9885,-6.0207,-0.2465,0.1331,-2.5032,-2.4149
2023/06/05,1,13.9,0.2163,0.5061,5.3828,3.6531,2.5857,0.2163,0.2162,1.8581,17.0339,-0.6684,-1.397,2.0782,-2.1499,-5.9135,0.4298,0.7056,-2.2332,-2.4449
2023/06/02,5,13.87,1.167,1.0932,4.9167,3.9637,2.3643,1.0932,-0.0001,1.6383,16.7813,0.5025,-1.4595,2.1998,-1.2047,-5.1834,-0.2364,0.3963,-2.875,-2.2487
2023/06/01,4,13.71,-1.1536,1.2554,4.4969,2.6129,0.6253,-0.073,-1.1536,0.4659,15.4342,-1.5009,-0.8362,0.9664,-2.0883,-5.8346,-0.4677,-0.2249,-2.0554,-1.8873
2023/05/31,3,13.87,0,2.8168,5.7165,4.6588,1.5894,1.0932,5.7165,1.6384,16.7814,-0.3998,1.2316,2.5443,-0.2477,-5.0731,0.6518,-0.7194,-1.5717,-1.8134
2023/05/30,2,13.87,0.2892,2.6646,5.7165,4.6588,2.2226,1.0932,5.7165,1.6384,16.7814,0.692,1.7875,2.9551,0.1701,-4.7335,0.3266,-1.0805,-2.2756,-2.5119
2023/05/29,1,13.83,0.8017,2.4444,5.4116,4.357,3.9434,0.8017,5.4116,1.3453,16.4446,-0.7261,0.2246,2.2347,-0.5543,-5.7413,0.119,-1.316,-2.6209,-2.8538
2023/05/26,5,13.72,1.3294,1.3294,5.2956,3.527,4.5941,1.3294,4.5733,0.5393,15.5185,1.1174,-0.2124,1.4792,0.1944,-5.4463,-0.863,-1.5759,-3.5645,-2.9568
2023/05/25,4,13.54,0.3706,0.1479,3.5962,2.1688,2.6337,0,3.2013,-0.7798,14.0029,0.5211,-0.9089,-0.0715,-0.9452,-6.4068,-0.9555,-0.9661,-2.5494,-2.0306
2023/05/24,3,13.49,-0.148,0.8976,1.8115,1.7916,2.9145,-0.3692,2.8202,-1.1461,13.582,0.1521,-0.6306,0.5444,-1.4779,-7.4812,0.3034,-0.1981,-1.2431,-1.0441
2023/05/23,2,13.51,0.0741,2.1164,1.6555,1.49,1.8261,-0.2215,2.9726,-0.9996,13.7503,-0.8488,-0.923,-0.7211,-1.6244,-6.3956,0.0967,-1.2134,-1.7262,-0.7712
2023/05/22,1,13.5,-0.2954,3.211,1.5802,2.6294,1.6068,-0.2954,2.8964,-1.0729,13.6661,-1.1498,0.0773,0.1398,-1.3317,-5.2888,-0.1484,-1.5608,-1.8248,-1.1085
2023/05/19,5,13.54,0.1479,3.2799,0.8205,2.2446,2.7068,3.2799,3.2013,-0.7798,14.0029,0.4145,2.0184,4.3433,-1.1615,-3.579,-0.2656,-1.5502,-2.1889,-0.6824
2023/05/18,4,13.52,1.1219,2.5797,-0.3512,2.0936,0.901,3.1274,3.0488,-0.9264,13.8345,0.8067,0.4551,2.829,-1.5889,-5.3293,-0.1858,-1.3822,-2.1321,-0.4095
2023/05/17,3,13.37,1.0582,1.1347,-1.5995,0.9609,0.9139,1.9833,1.9056,-2.0255,12.5716,-0.1257,1.4821,2.3629,-2.3958,-5.9282,-0.6903,-0.8646,-1.3554,-0.2191
2023/05/16,2,13.23,1.1468,-0.5263,-2.5593,-0.6135,0.6424,0.9154,0.8385,-3.0514,11.3928,0.1315,0.9637,1.7765,-3.0036,-6.6912,-0.2258,0.0272,-0.7216,0.6868
2023/05/15,1,13.08,-0.2288,-1.3574,-3.6641,-0.8605,-0.0702,-0.2288,-0.3048,-4.1506,10.1299,0.7476,2.4867,1.6332,-3.8054,-6.6177,-0.1374,-0.02,-0.4972,1.1213
2023/05/12,5,13.11,-0.5311,-0.6065,-3.8615,-1.7332,1.4702,-0.6065,-0.0762,-3.9308,10.3824,-1.1145,2.2849,0.6256,-4.9618,-8.5541,-0.113,0.1128,-0.6101,1.7619
2023/05/11,4,13.18,-0.3026,0,-3.0683,-1.2085,-0.5203,-0.0758,0.4573,-3.4179,10.9718,1.8104,3.1683,1.5767,-3.8383,-7.6894,0.3023,0.1245,-0.0261,1.8814
2023/05/10,3,13.22,-0.6015,0.456,-2.9146,-0.9086,-0.4302,0.2275,0.7622,-3.1247,11.3086,-0.6253,1.0097,-0.9736,-5.7539,-9.6792,0.1964,-0.326,-0.5168,1.5915
2023/05/09,2,13.3,0.3017,0.6052,-2.6088,-0.0878,0.3855,0.834,1.372,-2.5385,11.9822,1.7004,1.6928,-1.229,-3.9134,-9.6095,-0.2718,-0.4548,-1.0636,1.3721
2023/05/08,1,13.26,0.5307,1.0671,-2.9018,-0.3146,-1.6601,0.5307,1.0671,-2.8317,11.6453,0.526,-0.7149,-2.9209,-5.4312,-10.2697,-0.0038,0.3448,-0.7952,1.8002
2023/05/05,5,13.19,0.0759,0.5336,-3.3446,-0.7674,-3.7223,0.5336,0.5336,-3.3446,11.056,-0.2207,-1.2436,-3.5331,-7.2076,-11.025,-0.1026,0.3467,-0.1488,1.9395
2023/05/04,4,13.18,0.152,0.9962,-3.4179,-0.8427,-2.7279,0.4573,0.4573,-3.4179,10.9717,-0.3781,-2.1455,-3.3101,-6.9681,-11.566,-0.1452,-0.2206,-0.0496,2.0376
2023/05/03,3,13.16,-0.4539,0.9977,-3.5645,-0.9931,-2.6053,0.3048,0.3048,-3.5645,10.8033,0.0593,-2.1208,-2.93,-6.559,-10.8695,0.0703,-0.164,0.0902,2.1749
2023/05/02,2,13.22,0.7622,1.1477,-3.1248,-0.5417,-2.9039,0.7622,0.7622,-3.1248,11.3085,-0.6996,-2.5735,-3.0028,-6.8273,-11.9222,0.5248,-0.1852,0.0222,2.0157
2023/04/28,5,13.12,0.5364,-1.2791,-2.7347,3.1414,-2.766,-1.2791,-3.8576,-3.8576,10.4666,-1.1048,-1.7785,-1.9765,-7.9093,-10.9745,-0.672,-0.5951,-0.4909,1.2281
2023/04/27,4,13.05,0.1535,-2.3987,-3.8851,2.5911,-1.8494,-1.8058,-4.3705,-4.3705,9.8772,-0.354,0.8975,-0.1642,-6.6665,-9.0756,-0.0891,-0.1252,0.3333,1.8946
2023/04/26,3,13.03,-0.306,-2.977,-4.4481,2.4338,-3.9015,-1.9563,-4.5171,-4.5171,9.7088,-0.3744,2.6595,-0.3801,-6.272,-9.1668,0.0498,-0.3518,0.8124,1.981
2023/04/25,2,13.07,-1.3585,-3.668,-4.1548,2.7482,-3.5397,-1.6554,-4.224,-4.224,10.0455,1.1041,1.9505,-0.0212,-5.8833,-7.9819,0.266,-0.6243,0.7674,1.9368
2023/04/24,1,13.25,-0.301,-2.4828,-2.8348,4.1633,-4.3342,-0.301,-2.905,-2.905,11.5611,-1.0932,1.232,-1.1216,-7.211,-7.4934,-0.1655,-0.3424,0.5173,1.6871
2023/04/21,5,13.29,-0.6038,-2.1175,-0.677,4.4778,-4.3698,-2.1175,-2.6119,-2.6119,11.8979,1.5937,1.5989,-0.7252,-6.0211,-5.0607,-0.1924,-0.2305,-0.4116,1.8625
2023/04/20,4,13.58,-0.4399,-1.3799,-0.2205,5.1125,-3.397,-1.5229,-2.0203,-2.0203,12.5776,1.485,-0.151,-2.7778,-7.8692,-7.0316,-0.3218,-0.723,-0.9908,2.0733
2023/04/19,3,13.64,-1.016,-1.5163,0,5.5769,-2.6338,-1.0878,-1.5873,-1.5873,13.0751,-1.1036,-1.7657,-5.183,-9.6223,-8.6843,-0.232,0.0251,-0.2784,2.4159
2023/04/18,2,13.78,-0.1449,-0.2173,1.0264,6.6606,-1.2989,-0.0725,-0.5772,-0.5772,14.2357,0.3504,-0.7969,-4.0646,-8.4378,-7.594,0.5631,0.7472,-0.0444,2.6844
2023/04/17,1,13.8,0.0725,-0.217,1.173,6.8153,-1.9582,0.0725,-0.4329,-0.4329,14.4015,-0.718,-1.9671,-4.4411,-8.8559,-8.6778,-0.0506,-0.0141,-0.6185,2.0978
2023/04/14,5,13.79,0.1452,-0.5768,2.3757,7.6405,-3.1432,-0.5768,-0.5051,-0.5051,14.3186,-0.1841,-2.1308,-3.8717,-8.5286,-7.1825,-0.692,-0.3197,-0.3186,2.296
2023/04/13,4,13.77,-0.5776,-0.6493,0.4377,7.4844,-3.7985,-0.721,-0.6493,-0.6493,14.1528,-0.1206,-2.2659,-4.5483,-8.3034,-7.5711,0.4298,0.4003,0.0258,3.0145
2023/04/12,3,13.85,0.2896,-0.0721,1.6888,8.9462,-1.8685,-0.1442,-0.0721,-0.0721,14.816,-0.1276,-1.9344,-3.0956,-6.9809,-7.382,0.4923,0.5901,-0.1255,2.2662
2023/04/11,2,13.81,-0.1446,-0.3607,1.3952,8.2961,-2.4808,-0.4326,-0.3607,-0.3607,14.4845,-0.8073,-1.7998,-2.9539,-6.1268,-6.7333,-0.2002,0.0998,-0.626,1.4554
2023/04/10,1,13.83,-0.2884,-0.2164,1.542,8.5367,-3.6357,-0.2884,-0.2164,-0.2164,14.6502,-0.8846,-0.9877,-2.1201,-5.4169,-5.0645,-0.3571,0.2994,-0.4224,2.1364
2023/04/07,5,13.87,0.0722,0.0722,0.5074,12.9533,-2.8412,0.0722,0.0722,0.0722,14.9818,-0.319,-0.1019,-0.3831,-1.7338,-4.158,0.0362,0.6563,0.9329,2.485
2023/04/06,4,13.86,0,0.5806,0.9469,12.8718,-4.3785,0,0,0,14.8989,0.2163,0.5617,0.2827,-1.3684,-3.0479,0.6199,1.1698,0.806,2.4433
2023/03/31,5,13.86,0.5806,0.0723,2.9718,14.8989,-5.7409,0.0723,2.9718,14.8989,14.8989,0.3449,0.517,-0.3216,-3.0172,-3.7086,0.5497,0.5967,0.2646,1.4807
2023/03/30,4,13.78,0.5839,-0.0725,2.3774,14.2356,-6.5876,-0.5054,2.3774,14.2356,14.2356,-0.2958,0.1111,-0.6731,-3.4032,-3.7474,-0.0302,0.1791,-0.2981,0.8525
2023/03/29,3,13.7,0,-0.3636,1.783,14.2252,-6.2828,-1.083,1.783,13.5725,13.5725,0.2987,0.1238,-0.3687,-2.2716,-3.2168,-0.5235,-0.2523,-0.2657,1.1061
2023/03/28,2,13.7,-0.6526,0.8094,1.783,14.038,-6.3438,-1.083,1.783,13.5725,13.5725,0.7405,-0.5066,-0.6748,-3.0608,-4.2587,0.1832,-0.5166,0.2657,2.3582
2023/03/27,1,13.79,-0.4332,1.3225,2.4516,12.9357,-6.0345,-0.4332,2.4516,14.3185,14.3185,-0.5783,-1.6872,-1.4537,-3.6682,-4.9104,0.4149,-1.4938,0.0787,1.5899
2023/03/24,5,13.85,0.4351,1.5395,2.8974,13.7021,-5.809,1.5395,2.8974,14.8159,14.8159,-0.0636,-1.9237,-0.8574,-3.1213,-3.9565,0.1299,-1.5282,-0.3512,0.9676
2023/03/23,4,13.79,0.2909,2.2996,1.9969,13.2096,-6.3384,1.0997,2.4516,14.3185,14.3185,-0.2817,-2.3793,-0.7787,-3.0341,-4.3773,-0.4648,-2.2475,0.0995,0.818
2023/03/22,3,13.75,1.1773,1.5509,2.9191,11.5288,-6.0632,0.8064,2.1545,13.9869,13.9869,-0.3309,-1.5017,-1.0614,-3.6123,-4.4516,-0.7926,-1.2576,0.3487,1.745
2023/03/21,2,13.59,-0.147,0.8909,0.816,11.9297,-7.0958,-0.3666,0.9658,12.6606,12.6606,-0.4022,-1.3586,-0.4586,-2.7692,-4.535,-0.7697,-0.1337,1.3733,2.5539
2023/03/20,1,13.61,-0.2199,-0.7293,0.6656,12.3678,-6.6552,-0.2199,1.1144,12.8264,12.8264,-0.806,-1.8395,-1.1585,-2.4122,-4.0423,0.3857,0.2809,1.9089,3.2429
2023/03/17,5,13.64,1.1869,0.1469,1.4125,10.109,-6.6932,0.1469,1.3373,13.0751,13.0751,-0.4926,0.2774,-0.4879,-0.5524,-4.3188,-0.558,0.1803,1.77,3.0295
2023/03/16,4,13.48,-0.4431,-2.177,-0.296,8.8174,-5.6361,-1.0278,0.1486,11.7487,11.7487,0.5468,1.9725,-0.7513,-0.0161,-5.0821,0.4768,1.1095,2.5007,3.5743
2023/03/15,3,13.54,0.5197,-1.7416,1.0446,7.6754,-4.4517,-0.5873,0.5943,12.2461,12.2461,-0.1974,1.4496,-2.0005,-0.6551,-5.3814,0.3192,0.9058,2.2788,3.0881
2023/03/14,2,13.47,-1.7505,-2.3912,-0.8102,7.1188,-6.2064,-1.1013,0.0743,11.6658,11.6658,-0.8887,1.1751,-2.6153,-0.378,-3.2369,-0.3466,0.896,2.5872,2.9294
2023/03/13,1,13.71,0.6608,-0.1457,1.7059,10.4106,-4.7248,0.6608,1.8573,13.6553,13.6553,1.309,2.4209,-1.2569,0.1633,-2.6175,0.2856,1.171,2.9741,2.9319
2023/03/10,5,13.62,-1.1611,0,0.5163,8.3963,-6.1576,0,1.1886,12.9092,12.9092,1.2512,0.6249,-2.6271,-1.4791,-4.1008,0.405,0.6331,2.5457,3.0094
2023/03/09,4,13.78,0,1.6974,1.9228,9.6697,-3.2135,1.1747,2.3773,14.2356,14.2356,0,-0.4189,-2.7673,-2.9218,-5.5314,0.2652,0.8564,2.1341,2.606
2023/03/08,3,13.78,-0.1449,1.5475,1.9982,11.3273,-1.9011,1.1747,2.3773,14.2356,14.2356,-0.4717,-0.7908,-2.5111,-1.438,-6.0656,0.3131,0.6721,2.0392,2.5024
2023/03/07,2,13.8,0.5098,2.5259,3.5255,10.0876,-3.7171,1.3215,2.5259,14.4014,14.4014,0.3438,-0.0339,-1.6186,-2.6585,-4.9536,-0.0952,-0.0177,1.1889,1.597
2023/03/06,1,13.73,0.8076,2.0058,2.8461,8.9302,-6.6251,0.8076,2.0058,13.8211,13.8211,-0.524,-0.384,-3.1211,-1.9884,-3.7227,-0.2629,0.0789,1.2757,1.7835
2023/03/03,5,13.62,0.5166,1.1886,0.8886,6.6411,-8.3232,1.1886,1.1886,12.9092,12.9092,0.237,0.1443,-3.0382,-1.7702,-3.0711,0.6225,0.3413,2.2034,2.7053
2023/03/02,4,13.55,-0.1474,0.2218,0.3701,6.0931,-8.5599,0.6686,0.6686,12.329,12.329,-0.3648,-0.0876,-3.4381,-2.016,-3.2766,0.0838,0.2847,1.4784,2.047
2023/03/01,3,13.57,0.8172,1.5718,1.8766,5.5984,-8.6011,0.8172,0.8172,12.4948,12.4948,0.2732,-0.2733,-3.4403,-3.1547,-3.3763,-0.371,-0.0204,1.4905,1.8207
2023/02/24,5,13.46,-0.4438,0.0743,4.1837,5.9604,-8.4018,0.0743,1.5081,11.5829,11.5829,0.0059,-1.5398,-5.0311,-4.4019,-5.5236,0.5637,0.6062,1.4893,2.2441
2023/02/23,4,13.52,1.1976,-0.0001,4.6481,6.9301,-9.9771,0.5204,1.9606,12.0803,12.0803,-0.554,-2.3157,-5.0601,-5.2477,-4.5571,-0.2235,0.2689,0.9086,0.9328
2023/02/22,3,13.36,-0.8902,-0.2987,3.4097,6.5777,-10.6458,-0.6692,0.754,10.7539,10.7539,0.2432,-2.4242,-4.4099,-4.5856,-4.3994,0.2493,0.7063,1.1237,1.6739
2023/02/21,2,13.48,-0.2959,-0.7366,4.3385,7.959,-10.8652,0.223,1.6589,11.7487,11.7487,-1.0952,-3.5216,-4.7171,-4.1476,-3.9207,-0.2246,1.1241,0.8736,0.881
2023/02/20,1,13.52,0.5204,0.2966,4.6482,7.8541,-10.6569,0.5204,1.9606,12.0804,12.0804,-0.141,-1.9444,-3.5427,-3.0731,-2.866,0.2345,1.3317,1.1094,1.3316
2023/02/17,5,13.45,-0.5178,-0.7381,4.1064,7.0435,-11.3426,-0.7381,1.4328,11.5001,11.5001,-0.7553,-1.8258,-3.3736,-2.4048,-3.4037,0.228,0.9726,0.8628,1.0063
2023/02/16,4,13.52,0.8955,-0.0001,5.2096,7.8543,-10.713,-0.2215,1.9607,12.0805,12.0805,-0.6672,0.1087,-2.4039,-2.4068,-2.3062,0.2228,0.7141,1.2883,1.302
2023/02/15,3,13.4,-1.3255,-0.8143,4.5965,6.1466,-10.5491,-1.1071,1.0558,11.0857,11.0857,-0.8305,1.0013,-2.2716,-3.404,-1.9843,0.6686,0.657,0.5256,0.0133
2023/02/14,2,13.58,0.7418,1.8754,6.0015,10.6804,-9.6348,0.2214,2.4133,12.5779,12.5779,0.4761,2.2788,-1.3982,-0.1534,-1.8808,-0.0275,-0.5779,-0.1869,-1.6972
2023/02/13,1,13.48,-0.5166,0.9738,5.221,10.844,-11.8091,-0.5166,1.6592,11.749,11.749,-0.0426,0.6973,-1.8941,-0.5666,-1.6194,-0.1179,-0.5467,-0.1567,-1.9509
2023/02/10,5,13.55,0.2219,0.3703,6.3395,16.0229,-11.6813,0.3703,2.1871,12.3293,12.3293,1.1708,0.2405,-0.2384,1.5563,-1.899,-0.0386,0.2787,-0.1725,-3.0325
2023/02/09,4,13.52,0.074,0.1481,6.8472,15.2801,-11.437,0.1481,1.9608,12.0806,12.0806,0.2467,-1.1079,-0.6317,-0.1447,-2.993,0.1689,0.2136,0.0301,-1.9924
2023/02/08,3,13.51,1.3503,1.4265,10.0218,17.5639,-10.8909,0.0741,1.8854,11.9977,11.9977,0.4141,-1.7026,0.8962,0.2328,-3.5911,-0.5593,0.1201,-0.4557,-3.1095
2023/02/07,2,13.33,-0.1498,0.528,8.5559,16.6975,-11.6341,-1.2592,0.528,10.5055,10.5055,-1.0999,-2.5625,0.4426,0.589,-4.177,-0.0016,-0.0069,0.1486,-3.2065
2023/02/06,1,13.35,-1.1111,-0.3731,8.7188,18.923,-11.3335,-1.1111,0.6788,10.6713,10.6713,-0.4916,-3.3177,1.6229,3.0429,-3.841,0.6894,1.3406,0.1506,-3.1733
2023/02/03,5,13.5,0,4.4936,11.3693,20.8955,-10.3373,4.4936,1.81,11.9148,11.9148,-0.1651,-1.6921,1.7106,3.3619,-3.4215,-0.1031,-0.4508,-0.5945,-3.5812
2023/02/02,4,13.5,1.3514,4.4936,11.9148,19.6296,-10.3373,4.4936,1.81,11.9148,11.9148,-0.3226,-1.5171,1.1074,1.3381,-3.268,0.0748,-0.3428,-0.8171,-3.0408
2023/02/01,3,13.32,0.4525,3.1003,10.4225,18.448,-11.5328,3.1003,0.4525,10.4225,10.4225,-0.4459,-1.165,1.4395,0.6325,-2.9335,-0.681,-0.4146,-0.8884,-3.2382
2023/01/31,2,13.26,-1.0448,2.6358,9.9251,18.3289,-11.9313,2.6358,9.9251,9.9251,9.9251,-1.8521,-0.701,1.9125,-0.1708,-2.5182,1.3367,0.2812,-0.1382,-2.7433
2023/01/30,1,13.4,3.7195,3.7195,11.0858,20.8526,-11.0015,3.7195,11.0858,11.0858,11.0858,1.2102,1.2102,3.9381,1.7514,-0.8629,-1.1322,-1.1322,-1.6627,-4.9611
2023/01/17,2,13.12,0.5364,1.3911,4.2927,15.9851,-17.8352,0.8455,7.1021,7.1021,7.1021,0.1744,1.1519,3.2529,2.799,-1.9189,0.6307,-0.0097,0.2053,-1.8809
2023/01/16,1,13.05,0.3075,1.5565,3.7362,13.6886,-17.4253,0.3075,6.5307,6.5307,6.5307,-0.5517,1.7902,3.0609,1.5237,-2.0132,-0.5101,-0.496,-0.4494,-2.2921
2023/01/13,5,13.01,0.7746,4.3304,3.1721,16.4276,-17.7287,4.3304,6.2041,6.2041,6.2041,1.1118,4.072,3.2098,1.9221,-0.8547,-0.3123,-0.2638,-0.1317,-1.7185
2023/01/12,4,12.91,-0.3089,4.7039,1.8139,13.7337,-17.7083,3.5285,5.3878,5.3878,5.3878,0.5769,3.0224,2.1233,3.1648,-0.941,-0.2565,0.6323,0.439,-1.5087
2023/01/11,3,12.95,0.0773,5.456,1.489,14.2838,-17.1476,3.8493,5.7143,5.7143,5.7143,-0.1726,2.7035,1.2871,2.3625,-1.3079,0.4341,0.2178,0.8561,-0.7711
2023/01/10,2,12.94,0.7004,5.1178,1.4106,8.9104,-17.1093,3.769,5.6327,5.6327,5.6327,0.8119,2.0935,1.4585,2.493,0.2826,0.1527,-0.097,0.4174,-0.5642
2023/01/09,1,12.85,3.0473,4.8979,0.7052,8.1529,-17.6858,3.0473,4.8979,4.8979,4.8979,1.6906,0.5062,0.6416,1.6167,-0.762,-0.2813,-0.5703,0.2621,-0.7253
2023/01/06,5,12.47,1.1354,1.7959,-2.5783,3.6695,-20.6107,1.7959,1.7959,1.7959,1.7959,0.0579,-1.1985,-0.3155,-0.5676,-0.9407,0.5535,-0.2748,0.2569,0.2414
2023/01/05,4,12.33,0.4072,1.2316,-5.081,3.0947,-22.0763,0.6531,0.6531,0.6531,0.6531,0.2491,-0.5634,-0.3032,-0.4437,-0.8684,-0.6607,-0.634,0.0365,-0.549
2023/01/04,3,12.28,-0.2437,0.6558,-5.3201,4.478,-22.1074,0.2449,0.2449,0.2449,0.2449,-0.7587,-1.1985,-0.9371,0.764,-0.0035,0.1353,0.6281,0.9696,-0.5672
2023/01/03,2,12.31,0.4898,-0.7258,-5.0888,7.3337,-20.8514,0.4898,0.4898,0.4898,0.4898,-0.7246,-0.2243,-0.2159,1.4578,1.6088,-0.3001,0.003,0.8444,-0.5993
2022/12/30,5,12.25,0.5747,-0.9701,-5.3324,5.4561,-21.4321,-0.9701,-5.3324,5.4561,-21.4321,0.6744,0.3973,-1.5804,1.4659,2.6518,0.1949,0.1539,0.8224,-0.4754
2022/12/29,4,12.18,-0.1639,-2.7156,-4.7695,3.8875,-21.9776,-1.5359,-5.8734,4.8535,-21.8811,-0.3804,-1.0701,-2.3847,-1.0964,1.6188,0.5917,0.3409,0.7423,-0.1824
2022/12/28,3,12.2,-1.6129,-1.0543,-3.7097,4.1453,-21.4612,-1.3743,-5.7189,5.0257,-21.7528,0.1969,-0.294,-0.8724,-2.0634,1.96,-0.4805,-0.2899,-0.0301,-0.8343
2022/12/27,2,12.4,0.1616,0.813,-3.8015,3.5949,-19.6748,0.2425,-4.1733,6.7474,-20.4701,-0.3314,-0.5853,-3.3187,0.5041,1.8781,-0.0917,0.0474,0.8633,-0.0644
2022/12/26,1,12.38,0.0808,-0.8807,-3.9567,3.0894,-19.6034,0.0808,-4.3279,6.5752,-20.5984,0.2394,1.2635,-2.9857,-0.122,2.1167,-0.0542,0.4107,0.9489,-0.5109
2022/12/23,5,12.37,-1.1981,-1.6693,-3.6605,0.8619,-19.5675,-1.6693,-4.4051,6.4891,-20.6625,-0.8167,0.3248,-2.8414,1.8903,2.0787,0.384,0.4331,0.2393,-0.391
2022/12/22,4,12.52,1.541,-1.9577,-1.6497,1.4353,-18.4386,-0.4769,-3.2459,7.7805,-19.7004,0.4226,1.0852,-2.0381,4.2007,2.4055,-0.0499,0.1001,0.3392,-0.0613
2022/12/21,3,12.33,0.2439,-3.4456,-2.7604,-1.5144,-19.5753,-1.9872,-4.7143,6.1448,-20.9191,-0.0822,0.7253,-1.7461,2.0966,1.6038,-0.1481,0.3203,-0.114,-0.1665
2022/12/20,2,12.3,-1.5212,-2.4584,-3.378,-2.5186,-19.2629,-2.2257,-4.9461,5.8865,-21.1115,1.4968,0.4243,-1.7843,2.2803,1.5501,0.2721,0.0451,0.2203,0.1257
2022/12/19,1,12.49,-0.7154,-1.4985,-1.8855,-0.3146,-18.634,-0.7154,-3.4778,7.5221,-19.8929,-0.71,-1.029,-3.3541,0.8926,0.4162,-0.0277,0.0196,-0.0475,-0.495
2022/12/16,5,12.58,-1.4879,-1.4108,-1.1785,-0.6089,-18.1506,-1.4108,-2.7823,8.2969,-19.3157,-0.0405,-0.571,-2.9515,1.9604,1.6746,0.0494,0.2027,0.409,-0.7217
2022/12/15,4,12.77,0,1.5909,-0.3901,0.2699,-16.3367,0.0782,-1.314,9.9326,-18.097,0.0581,0.819,-4.5958,2.6372,1.0687,0.1808,0.2939,-0.6158,-0.4994
2022/12/14,3,12.77,1.2688,0.314,2.4878,0.658,-16.1777,0.0782,-1.314,9.9326,-18.097,-0.406,-0.8287,-2.4775,3.5544,0.3198,-0.4401,-0.3914,-1.7069,-0.2474
2022/12/13,2,12.61,-0.5521,-1.4845,2.1052,-2.2674,-17.6452,-1.1756,-2.5504,8.5552,-19.1232,0.0561,0.4887,-1.9442,2.3215,1.7034,0.2486,0.1369,-1.5103,0.5205
2022/12/12,1,12.68,-0.627,-2.3866,2.672,-1.047,-17.3442,-0.627,-2.0094,9.1579,-18.6742,-0.2496,0.4894,-2.014,2.7462,1.3066,0.1569,0.2068,-1.7798,0.1743
2022/12/09,5,12.76,1.5115,-1.6192,7.1368,1.0485,-16.875,-1.6192,-1.3911,9.8466,-18.1611,1.3571,0.3299,-0.1877,3.5514,1.2437,0.136,0.382,-2.1669,-0.2243
2022/12/08,4,12.57,-1.2569,-3.6782,7.7121,-0.4561,-18.2669,-3.0841,-2.8594,8.211,-19.3796,-1.5666,-2.3752,-1.0287,2.1971,0.0065,-0.4931,0.125,-3.1301,-0.3548
2022/12/07,3,12.73,-0.5469,-1.6229,9.7414,1.6807,-17.1745,-1.8505,-1.6229,9.5884,-18.3534,0.9107,-1.5696,1.4616,2.5592,0.6433,0.0943,0.4258,-3.3611,-0.0425
2022/12/06,2,12.8,-1.4627,0.0782,12.2808,0.5832,-16.5094,-1.3108,-1.0819,10.1911,-17.9045,0.0608,-2.685,1.5736,0.9866,0.1659,0.318,0.4422,-3.4612,0.518
2022/12/05,1,12.99,0.1542,2.5257,13.9475,2.3131,-15.4297,0.1542,0.3864,11.8268,-16.6858,-0.4191,-1.5685,1.5276,2.7001,-0.114,0.335,-0.1022,-3.8928,-0.0358
2022/12/02,5,12.97,-0.613,0.6207,13.1764,2.0766,-15.2405,0.6207,0.2319,11.6546,-16.8141,-1.4274,-3.4696,-0.4091,4.5219,-0.2667,-0.1245,0.0108,-3.417,-0.7119
2022/12/01,4,13.05,0.8501,1.1629,14.2734,1.9185,-14.448,1.2413,0.8501,12.3433,-16.301,-0.7297,-0.8689,0.1804,5.0732,1.544,-0.196,0.0345,-3.436,-0.2602
2022/11/30,3,12.94,1.1728,0.7789,14.9202,0.2141,-14.0271,0.3879,13.7084,11.3963,-17.0065,-0.1466,-0.8593,-0.5691,5.4344,3.1727,0.1051,-0.4731,-3.9862,0.2815
2022/11/29,2,12.79,0.9471,0.4714,13.588,-0.4936,-14.8052,-0.7758,12.3903,10.105,-17.9686,1.1952,-0.6773,-0.3974,4.6948,2.5784,-0.2216,-0.0865,-4.0622,0.6655
2022/11/28,1,12.67,-1.7067,-0.0788,12.5223,-3.5636,-15.5503,-1.7067,11.3358,9.072,-18.7382,-2.2763,-1.1804,-1.7466,3.0551,1.1852,0.4369,-0.3789,-3.7689,1.1169
2022/11/25,5,12.89,-0.0775,1.2569,14.5777,-1.5949,-15.121,1.2569,13.269,10.9658,-17.3273,1.1019,0.9903,-1.1701,5.0637,3.4106,-0.1018,-0.636,-5.9311,0.4536
2022/11/24,4,12.9,0.4673,1.0971,13.9575,-0.7748,-15.1092,1.3354,13.3568,11.0519,-17.2631,-0.7207,0.3246,-0.9282,3.4606,2.7262,-0.7023,-0.5967,-4.0576,0.4069
2022/11/23,3,12.84,0.8641,0.8641,13.8297,-1.4596,-15.6646,0.8641,12.8296,10.5353,-17.648,0.0327,0.2968,-0.2342,3.4951,2.6967,0.4892,0.6109,-2.8713,1.2046
2022/11/22,2,12.73,0.3943,-0.702,12.8545,-3.3237,-17.0703,0,11.863,9.5884,-18.3535,0.6888,-1.346,-0.2688,2.3952,3.1547,-0.5151,-0.8572,-3.4106,0.8376
2022/11/21,1,12.68,-0.3928,1.7657,12.4112,-4.8389,-17.3441,-0.3928,11.4236,9.158,-18.6741,-0.1317,0.1476,-1.0462,1.1591,1.426,0.1969,-1.2308,-2.806,1.4024
2022/11/18,5,12.73,-0.2351,3.077,11.5689,-4.2519,-16.7038,3.077,11.863,9.5884,-18.3534,0.4456,0.3906,1.6896,0.7696,1.7598,-0.0641,-1.7152,-1.3802,1.4647
2022/11/17,4,12.76,0.2357,7.5885,12.8026,-4.4497,-16.349,3.3199,12.1266,9.8467,-18.161,-0.7462,1.8659,1.6521,-1.2037,1.0391,0.4994,-2.7677,-1.958,1.7999
2022/11/16,3,12.73,-0.702,6.8849,10.9008,-4.6744,-16.2278,3.0769,11.863,9.5884,-18.3535,-1.6103,2.3157,1.4292,-0.9506,1.2343,-0.9788,-2.3899,-2.216,1
2022/11/15,2,12.82,2.8892,9.8543,11.6849,-4.071,-15.4746,3.8056,12.6538,10.3631,-17.7763,2.2187,4.6967,3.1986,0.2732,2.3976,-0.8829,-2.1728,-1.1197,1.7357
2022/11/14,1,12.46,0.8907,7.4138,8.5487,-6.3519,-17.4279,0.8907,9.4904,7.2641,-20.0852,0.1032,3.0773,0.785,-3.082,-0.0395,-0.2528,-1.9012,-0.1555,2.0498
2022/11/11,5,12.35,4.1315,8.3333,8.9889,-6.6967,-17.9996,8.3333,8.5238,6.3171,-20.7907,1.8755,4.0341,2.6956,-3.7426,-0.3579,-0.998,-1.5588,0.3885,2.2769
2022/11/10,4,11.86,-0.4198,4.5856,-0.1793,-8.4979,-21.5545,4.0351,4.218,2.0989,-23.9334,-0.3,1.7728,0.7372,-4.6378,-2.0513,0.8212,-0.0638,1.8801,3.0961
2022/11/09,3,11.91,2.0566,3.9267,0.2415,-8.8715,-21.4244,4.4737,4.6574,2.5293,-23.6127,0.5805,0.1559,1.0392,-4.3924,-2.2333,-0.7458,-0.6077,1.0701,2.5995
2022/11/08,2,11.67,0.6034,2.1892,-1.7785,-10.5062,-22.2656,2.3684,2.5484,0.4632,-25.152,0.719,-1.3656,0.4622,-4.9309,-2.6849,-0.6564,0.0326,1.7535,3.3357
2022/11/07,1,11.6,1.7544,1.9333,-2.3677,-11.2435,-22.0303,1.7544,1.9333,-0.1394,-25.6009,1.0029,-3.2803,-0.2401,-6.078,-2.1362,0.0769,0.4189,2.3646,3.8264
2022/11/04,5,11.4,0.5291,1.2434,-3.0089,-10.6938,-22.8745,1.2434,0.1758,-1.8611,-26.8837,-0.2695,-4.5628,-0.0469,-7.0345,-2.7975,0.4151,-0.0354,2.0378,3.6758
2022/11/03,4,11.34,-1.0471,-0.439,-1.1239,-10.5445,-23.4303,0.7105,-0.3514,-2.3777,-27.2685,-1.8581,-4.2931,0.0941,-6.1273,-2.3709,0.3024,-0.6286,1.793,4.2622
2022/11/02,3,11.46,0.3503,2.2301,-1.3446,-9.5279,-22.2656,1.7762,0.703,-1.3446,-26.4989,-0.9145,-3.8284,1.2444,-3.7442,-0.7057,-0.1137,-0.9141,1.3062,3.4737
2022/11/01,2,11.42,0.3515,1.511,-1.689,-11.0163,-22.6888,1.4209,0.3515,-1.689,-26.7555,-1.1329,-3.236,2.1167,-2.2995,0.62,-0.2717,-1.9973,1.4114,3.8418
2022/10/31,1,11.38,1.0657,0.5299,-2.0334,-11.328,-22.8588,1.0657,-2.0334,-2.0334,-27.012,-0.2533,-0.708,3.1793,-0.8693,0.4828,-0.3758,-0.2332,1.6672,4.3341
2022/10/28,5,11.26,-1.1414,-0.1774,-3.879,-11.5183,-23.8714,-0.1774,-3.0664,-3.0664,-27.7817,-0.0803,-0.5612,0.4606,-0.828,-0.2226,-0.1788,0.4486,2.3993,4.6968
2022/10/27,4,11.39,1.6057,0.8856,-4.843,-10.3584,-23.2428,0.9751,-1.9472,-1.9472,-26.9478,-1.3451,1.2138,3.0074,-0.4226,-0.4673,0.046,1.6123,2.7727,5.0832
2022/10/26,3,11.21,-0.3556,-0.7966,-6.6531,-11.2262,-24.0111,-0.6206,-3.4968,-3.4968,-28.1023,-0.3682,3.1647,3.292,0.5057,-0.3159,-1.1742,1.4152,2.2028,4.7972
2022/10/25,2,11.25,-0.6184,-1.4022,-8.2701,-12.0042,-23.2379,-0.266,-3.1524,-3.1524,-27.8457,1.297,3.4149,5.5221,0.9495,0.3278,1.4271,3.0969,3.255,5.4164
2022/10/24,1,11.32,0.3546,0.0726,-7.6994,-11.8628,-22.7094,0.3546,-2.5497,-2.5497,-27.3967,-0.1095,2.5764,4.4095,-0.3815,-0.67,0.3116,1.1831,1.9782,4.1346
2022/10/21,5,11.28,-0.0886,-1.7311,-9.9011,-11.9723,-23.0332,-1.7311,-2.8941,-2.8941,-27.6533,1.6741,1.7504,4.2723,-0.0101,-0.9854,0.9743,1.0947,2.1488,3.9399
2022/10/20,4,11.29,-0.0885,1.0353,-10.5229,-10.523,-23.1167,-1.644,-2.808,-2.808,-27.5891,0.7134,-0.1269,2.9057,-1.8113,-2.5981,-0.129,0.1654,1.4063,3.1323
2022/10/19,3,11.3,-0.9639,-0.4498,-9.812,-9.7413,-24.2922,-1.5569,-2.7219,-2.7219,-27.525,-0.0853,1.4082,2.3576,-2.7221,-4.8128,0.5757,0.1302,1.2232,3.442
2022/10/18,2,11.62,0.8681,0.6933,-9.8526,-8.8628,-23.5457,-0.5987,-1.7751,-1.7751,-26.8196,0.3997,1.3581,2.7648,-2.4684,-6.2088,-0.562,-0.0642,0.4734,3.3872
2022/10/17,1,11.52,-1.4542,-4.7934,-10.6285,-8.8142,-23.724,-1.4542,-2.6204,-2.6204,-27.4494,-0.9108,0.9618,2.3963,-3.5845,-6.132,0.2381,1.0249,0.9619,3.7427
2022/10/14,5,11.69,2.7241,-3.3884,-9.5202,-6.8134,-22.1054,-3.3884,-1.1835,-1.1835,-26.3788,-0.2397,1.8518,4.6344,-3.0323,-6.5601,0.0242,0.8086,1.3911,3.031
2022/10/13,4,11.38,-1.5571,-7.1021,-13.3944,-8.9982,-24.3157,-5.9504,-3.8039,-3.8039,-28.3311,2.2064,1.6302,3.3124,-4.0866,-6.9772,-0.1596,1.3335,1.6058,2.4752
2022/10/12,3,11.56,0.1733,-5.0903,-11.4177,-4.9326,-23.4107,-4.4628,-2.2824,-2.2824,-27.1975,-0.1532,-0.3066,1.8407,-4.8732,-7.5682,0.3883,1.3124,1.6899,2.4615
2022/10/11,2,11.54,-4.6281,-3.5923,-10.2645,-7.5728,-23.9766,-4.6281,-2.4514,-2.4514,-27.3235,0.0519,1.1901,2.4473,-4.3439,-6.9021,0.5615,0.3251,1.1571,2.0504
2022/10/07,5,12.1,-1.2245,2.2823,-5.0982,-3.4691,-20.4377,2.2823,2.2823,2.2823,-23.7967,-0.3939,0.3853,1.3698,-6.315,-7.6666,0.6193,-0.3314,0.4953,1.15
2022/10/06,4,12.25,0.5747,2.5963,-5.4786,0.4158,-18.4778,3.5503,3.5503,3.5503,-22.852,0.1747,-1.0326,1.1353,-5.7886,-8.9333,-0.2169,-0.4979,0.5159,0.1346
2022/10/05,3,12.18,1.7544,2.0955,-5.8007,-2.3697,-18.8404,2.9586,2.9586,2.9586,-23.2929,1.4265,-2.5507,2.5873,-4.8526,-8.0614,-0.6802,-0.3034,0.5022,0.6536
2022/10/04,2,11.97,2.4829,-1.8048,-7.4964,-3.2107,-19.5221,1.1834,1.1834,1.1834,-24.6154,-0.1273,-1.2147,2.5652,-6.7335,-9.478,0.1233,0.605,0.8067,1.2812
2022/10/03,1,11.68,-1.268,-4.4973,-9.7375,-6.0803,-21.2695,-1.268,-1.268,-1.268,-26.4418,-0.6798,-1.9699,2.6119,-5.7161,-6.9588,-0.1889,-0.0249,0.6794,2.0847
2022/09/30,5,11.83,-0.9213,-5.2843,-10.0382,-7.4451,-21.5225,-5.2843,-10.7172,-7.4451,-25.4971,-1.7762,0.8431,2.2386,-3.2096,-5.4658,0.4629,0.2066,1.4311,2.9149
2022/09/29,4,11.94,0.0838,-5.012,-8.7855,-9.1111,-20.2364,-4.4036,-9.887,-6.5845,-24.8043,-1.3018,3.8935,3.0577,-0.7346,-4.4835,-0.0281,0.4416,1.4738,2.5557
2022/09/28,3,11.93,-2.1329,-6.4314,-10.8372,-10.1325,-22.0942,-4.4837,-9.9625,-6.6627,-24.8673,2.5594,3.5042,3.7349,-0.3884,-2.6291,0.243,0.3143,1.7058,2.797
2022/09/27,2,12.19,-0.3271,-5.1362,-8.894,-9.1199,-20.9882,-2.402,-8.0002,-4.6285,-23.2299,-0.9377,1.2255,1.4723,-2.1169,-4.7167,-0.5234,0.2257,1.5205,2.2535
2022/09/26,1,12.23,-2.0817,-4.1537,-8.595,-6.9735,-20.4825,-2.0817,-7.6983,-4.3155,-22.9779,2.1783,2.18,2.3152,-1.5512,-3.4803,0.0522,0.3962,1.995,3.0715
2022/09/23,5,12.49,-0.6364,-3.1032,-5.8779,-4.6378,-18.0792,-3.1032,-5.736,-2.2813,-21.3405,1.4933,0.4168,-1.1243,-4.2064,-5.7367,0.7088,0.1016,1.7396,2.9561
2022/09/22,4,12.57,-1.4118,-3.0841,-6.264,-5.732,-17.0344,-2.4826,-5.1322,-1.6555,-20.8367,-1.6508,-0.4382,-3.603,-7.4673,-7.8665,-0.1555,-0.3245,1.1885,2.1124
2022/09/21,3,12.75,-0.7782,-1.3158,-6.0428,-6.5268,-17.4606,-1.0861,-3.7737,-0.2471,-19.703,0.1321,2.1447,-2.5772,-5.0718,-6.5753,0.149,0.252,1.4326,2.5072
2022/09/20,2,12.85,0.7053,-2.207,-5.3059,-3.9874,-16.8133,-0.3103,-3.019,0.5352,-19.0733,0.0645,0.4614,-2.7271,-5.9564,-6.7466,-0.3507,0.4403,1.3036,2.1955
2022/09/19,1,12.76,-1.0085,-2.2222,-5.9691,-5.4962,-17.3959,-1.0085,-3.6982,-0.1689,-19.64,0.3755,0.8525,-2.77,-3.3911,-6.7566,-0.2538,0.6738,1.6162,2.731
2022/09/16,5,12.89,-0.6168,0.2333,-5.2206,-5.8412,-16.6059,0.2333,-2.7171,0.8482,-18.8214,0.6262,1.0054,-5.7877,-3.9302,-7.9556,0.2747,0.7067,2.0558,3.0738
2022/09/15,4,12.97,0.387,0.8553,-4.7025,-5.935,-16.347,0.8553,-2.1134,1.4741,-18.3175,0.9868,0.3786,-6.7981,-3.5484,-8.4598,0.4331,0.4335,1.6124,2.7187
2022/09/14,3,12.92,-1.6743,1.3333,-4.6495,-6.2976,-17.0276,0.4665,-2.4907,1.0829,-18.6324,-1.577,-1.9114,-9.2111,-4.1944,-8.9798,0.3394,-0.1884,0.7662,2.7805
2022/09/13,2,13.14,0.6897,1.3888,-3.0259,-4.9063,-15.7182,2.1773,-0.8303,2.8041,-17.2469,0.469,-0.9381,-7.6893,-2.6483,-7.6948,-0.1082,0.1231,0.4461,2.4973
2022/09/12,1,13.05,1.4774,0.9279,-3.6901,-7.7969,-16.6532,1.4774,-1.5096,2.0999,-17.8137,0.5187,0.3653,-8.1231,-2.7242,-7.4225,-0.2438,0.0008,0.5459,2.657
2022/09/08,4,12.86,0.8627,-1.3805,-3.1627,-10.3273,-16.2302,-0.6184,-2.9435,0.6135,-19.0103,-1.2757,0.431,-8.6393,-5.3207,-8.639,-0.1859,0.2272,1.241,3.0452
2022/09/07,3,12.75,-1.6204,-3.7737,-4.2073,-10.2294,-18.2698,-1.4684,-3.7737,-0.2471,-19.703,-0.6351,1.4629,-7.8041,-3.514,-7.0018,0.6403,1.0453,1.3618,2.9904
2022/09/06,2,12.96,0.232,-1.4449,-2.6295,-9.5054,-17.53,0.1545,-2.1887,1.3959,-18.3804,1.7393,2.0354,-7.2572,-3.644,-6.4144,-0.2289,0.1023,0.7554,2.4302
2022/09/05,1,12.93,-0.0773,-1.2223,-2.8549,-9.1514,-17.3691,-0.0773,-2.4151,1.1612,-18.5693,1.4276,-0.5455,-9.0838,-4.6552,-6.9088,-0.3252,0.8122,0.9733,2.8476
2022/09/02,5,12.94,-0.7669,-3.2884,0.3101,-9.0811,-14.9142,-3.2884,-2.3396,1.2395,-18.5064,-0.8483,-2.3616,-9.3885,-6.0442,-6.5804,0.3119,1.3686,1.6274,3.1355
2022/09/01,4,13.04,-1.5849,-2.2487,-0.2295,-8.8839,-14.8453,-2.541,-1.5849,2.0219,-17.8766,-0.1604,-1.7626,-7.7697,-5.4255,-5.6498,0.6645,0.8303,1.6875,3.2317
2022/08/31,3,13.25,0.7605,0.0757,1.3772,-7.6078,-12.9851,-0.9715,1.3772,3.6649,-16.554,-0.0893,-2.2755,-7.2238,-6.0716,-6.1391,-0.3385,0.0226,1.3653,3.5169
2022/08/30,2,13.15,0.4584,-0.9042,0.6121,-7.7336,-13.3699,-1.7189,0.6121,2.8824,-17.1838,-0.8951,-2.8272,-7.0738,-6.0279,-6.1464,0.4947,0.4749,1.6873,2.9107
2022/08/29,1,13.09,-2.1674,-2.3862,0.153,-6.3384,-12.7765,-2.1674,0.153,2.413,-17.5617,-0.4145,-2.9689,-6.0949,-5.3936,-5.1551,0.2683,0.1104,1.1923,2.1347
2022/08/26,5,13.38,0.2999,-1.4001,4.0436,-2.8918,-9.9842,-1.4001,2.3718,4.6819,-15.7354,-0.2267,-3.1738,-5.9757,-5.5866,-4.4899,-0.2585,-0.0579,0.9945,1.0653
2022/08/25,4,13.34,0.7553,-1.4771,2.4577,-3.7339,-9.7309,-1.695,2.0657,4.3689,-15.9873,-0.6308,-3.5022,-5.4838,-5.177,-3.7685,-0.1542,0.4456,0.8609,1.7677
2022/08/24,3,13.24,-0.2261,-2.6471,1.2232,-3.8391,-9.2928,-2.4319,1.3006,3.5865,-16.6171,-0.654,-4.4607,-4.9698,-4.9864,-4.0296,0.1221,0.8744,0.902,1.7662
2022/08/23,2,13.27,-1.044,-2.4265,1.4526,-4.7815,-9.2655,-2.2108,1.5301,3.8212,-16.4282,-1.0646,-4.2962,-4.288,-3.2182,-3.3835,0.125,0.4208,0.7808,1.6975
2022/08/22,1,13.41,-1.1791,-1.4696,2.5229,-3.913,-6.1617,-1.1791,2.6013,4.9165,-15.5465,-0.5896,-3.581,-3.1959,-2.0207,-2.6481,0.1015,0.0947,0.6604,1.576
2022/08/19,5,13.57,0.2216,0.1476,6.4314,-2.0042,-5.673,0.1476,3.8255,6.1684,-14.5388,-0.5533,-4.4195,-2.9312,-0.969,-2.9155,0.2549,-0.4757,0.8361,1.3947
2022/08/18,4,13.54,-0.4412,0.4451,6.196,-3.798,-8.1994,-0.0739,3.5959,5.9336,-14.7278,-1.6172,-4.4765,-2.0949,-1.6889,-2.4254,0.2942,-0.7271,1.0739,1.5542
2022/08/17,3,13.6,0,3.0303,7.65,-2.2751,-6.4589,0.369,4.055,6.4031,-14.3499,-0.4832,-2.0213,-1.2216,0.1079,-1.6139,-0.3482,-1.0349,0.6102,0.7859
2022/08/16,2,13.6,-0.0735,2.1788,7.65,-1.5067,-7.4928,0.369,4.055,6.4031,-14.3499,-0.3315,-1.57,-0.698,-0.2566,-0.3792,-0.2097,-0.3807,0.9816,0.8109
2022/08/15,1,13.61,0.4428,2.485,7.7292,-1.0098,-8.0228,0.4428,4.1316,6.4813,-14.2869,-1.3583,-1.3193,-0.34,0.2231,0.3225,-0.4704,0.0145,1.2059,0.8222
2022/08/12,5,13.55,0.5193,1.8032,11.433,-0.156,-9.8837,1.8032,3.6725,6.0119,-14.6647,-0.5973,-0.4888,1.1071,0.6367,2.13,0.0073,0.4462,0.1433,1.4042
2022/08/11,4,13.48,2.1212,3.6923,7.9654,-3.1374,-10.4631,1.2773,3.1369,5.4642,-15.1056,0.8199,0.151,1.9731,0.7393,1.8147,0.0181,0.3146,0.1401,1.4272
2022/08/10,3,13.2,-0.8264,2.2463,4.5655,-5.3508,-12.766,-0.8264,0.9946,3.2736,-16.869,-0.0635,0.0293,0.3002,-0.037,2.5119,0.2773,1.4,0.0375,1.2291
2022/08/09,2,13.31,0.2259,3.1782,5.4369,-4.359,-12.8648,0,1.8362,4.1342,-16.1763,-0.0857,0.8246,0.37,-0.4475,2.6967,0.1766,0.451,-0.2577,1.2375
2022/08/08,1,13.28,-0.2254,1.6066,5.1992,-6.237,-13.4403,-0.2254,1.6066,3.8995,-16.3652,-0.5434,1.4972,0.4587,0.5024,4.3171,-0.042,0.6549,-0.4432,1.2302
2022/08/05,5,13.31,2.3846,1.8362,6.6881,-7.5077,-14.101,1.8362,1.8362,4.1342,-16.1762,0.033,2.4952,1.3813,0.6417,4.4735,-0.1313,1.0297,-0.9321,1.5494
2022/08/04,4,13,0.6971,0.3086,5.1181,-8.6595,-15.5809,-0.5356,-0.5356,1.7088,-18.1286,0.6915,2.2242,0.8459,0.0461,4.2307,1.0942,1.2126,-0.7882,1.8986
2022/08/03,3,12.91,0.0775,-0.2318,3.8104,-9.0395,-14.6286,-1.2242,-1.2242,1.0047,-18.6953,0.7077,1.9102,0.8397,-0.3287,4.7448,-0.6633,0.3252,-0.8413,0.7504
2022/08/02,2,12.9,-1.3007,0.3111,3.73,-9.7998,-13.768,-1.3007,-1.3007,0.9265,-18.7583,0.5871,0.9484,0.1063,-1.8332,4.7215,0.3792,0.7495,-0.1521,1.3401
2022/08/01,1,13.07,0,0.3841,5.097,-8.6112,-11.6151,0,0,2.2566,-17.6877,0.4521,0.4989,-0.5206,-2.4153,4.3201,0.327,-0.009,-0.56,1.0106
2022/07/29,5,13.07,0.8488,-0.0764,-0.5092,-8.6112,-10.6914,-0.0764,2.2566,2.2566,-17.6877,-0.2081,-0.1582,1.6702,-2.8413,5.5364,0.0724,-0.4389,0.0255,0.7141
2022/07/28,4,12.96,0.1546,-0.6896,-2.3734,-8.56,-10.3302,-0.9174,1.3959,1.3959,-18.3804,0.3798,0.3562,0.9526,-2.465,5.1302,0.2029,-0.4228,0.2296,0.4582
2022/07/27,3,12.94,0.6221,0.7004,-3.5283,-7.3461,-11.29,-1.0703,1.2394,1.2394,-18.5064,-0.2757,-0.3262,1.3214,-2.1393,5.8725,-0.2389,-0.6701,-0.3573,0.7378
2022/07/26,2,12.86,-1.2289,0.8627,-2.1814,-9.7057,-12.2982,-1.682,0.6135,0.6135,-19.0103,0.143,-0.3035,1.3265,-2.4054,7.13,-0.3701,-0.2327,0.1859,1.384
2022/07/25,1,13.02,-0.4587,2.1176,-0.9643,-8.5189,-11.207,-0.4587,1.8653,1.8653,-18.0026,-0.2025,-0.2377,1.2014,-1.8369,5.9201,-0.1013,0.6372,0.5572,1.6171
2022/07/22,5,13.08,0.2299,3.534,-1.9072,-10.0926,-10.5062,3.534,2.3347,2.3347,-17.6247,0.3116,-0.8477,-0.7699,-0.2253,6.5133,0.0854,0.5943,0.3369,1.6375
2022/07/21,4,13.05,1.5564,4.0279,-4.3275,-10.6021,-9.6478,3.2965,2.1,2.1,-17.8137,-0.308,-1.4596,-0.3973,0.6524,6.8886,-0.0362,-0.1583,0.5284,1.9109
2022/07/20,3,12.85,0.7843,2.757,-3.9874,-11.6136,-11.4427,1.7134,0.5352,0.5352,-19.0732,-0.2529,-2.6162,-0.6874,0.6886,6.5542,0.197,-0.6618,0.3201,2.5371
2022/07/19,2,12.75,0,4.8539,-5.5702,-11.9974,-12.9916,0.9219,-0.2471,-0.2471,-19.703,0.2126,-0.6342,1.9575,0.8914,6.6479,0.4812,-1.1957,0.3863,1.8282
2022/07/18,1,12.75,0.9219,2.1186,-5.5702,-11.6972,-13.779,0.9219,-0.2471,-0.2471,-19.703,-0.7966,-0.5758,1.7605,0.7279,5.3394,-0.1535,-1.6551,-0.0685,1.3507
2022/07/15,5,12.8,0.7081,0.0782,-8.3752,-13.2142,-15.3329,0.0782,-1.1583,-1.1583,-20.4365,-0.2687,-0.5287,3.1539,0.7748,5.0944,-0.6491,-1.545,0.0922,1.208
2022/07/14,4,12.71,0.3157,0.0788,-9.0194,-14.8043,-15.0026,-0.6255,-1.8533,-1.8533,-20.9959,-1.4384,-1.2075,3.6381,1.4996,5.1568,-0.5286,-1.2768,1.1347,2.1343
2022/07/13,3,12.67,2.8409,2.5081,-9.5001,-15.5245,-15.2701,-0.9382,-2.1622,-2.1622,-21.2446,1.6936,0.571,4.8823,2.1629,6.3088,-0.3051,-1.2143,1.5924,2.4954
2022/07/12,2,12.32,-2.6087,-2.5316,-14.0866,-16.6941,-16.9111,-3.6747,-4.8649,-4.8649,-23.4201,0.2466,-0.17,3.523,0.9399,5.9921,0.0082,-0.5467,1.8921,2.1801
2022/07/11,1,12.65,-1.0946,0.9577,-11.7853,-14.7503,-14.1811,-1.0946,-2.3166,-2.3166,-21.3689,-0.7454,-0.9033,3.4027,1.1266,5.1803,-0.0754,-0.5802,1.9355,2.2002
2022/07/08,5,12.79,0.7087,1.5079,-11.9753,-14.9507,-13.6285,1.5079,-1.2355,-1.2355,-20.4986,-0.95,0.5601,2.0398,2.3735,5.8865,-0.3816,0.5423,2.2468,2.3003
2022/07/07,4,12.7,2.7508,-1.9306,-11.7444,-15.0985,-14.2924,0.7936,-1.9306,-1.9306,-21.0581,0.3429,3.1884,3.4189,3.1802,6.298,-0.4484,1.6319,2.3619,2.7444
2022/07/06,3,12.36,-2.2152,-7.1375,-14.8174,-18.6201,-16.6958,-1.9048,-4.556,-4.556,-23.1715,0.9029,3.4609,2.406,3.3612,5.3764,0.3145,2.0515,2.6293,3.3275
2022/07/05,2,12.64,0.8779,-6.0223,-12.3441,-17.4814,-15.141,0.3174,-2.3939,-2.3939,-21.431,-0.4681,1.8166,2.2826,2.5468,4.9022,-0.0054,2.0389,2.6311,3.1791
2022/07/04,1,12.53,-0.5556,-7.7999,-13.1069,-18.1995,-14.9952,-0.5556,-3.2433,-3.2433,-22.1148,0.687,2.8979,2.6537,2.8908,5.0355,1.0215,1.6415,2.6127,3.1556
2022/07/01,5,12.6,-2.7027,-5.4054,-13.1035,-17.7425,-14.4078,-5.4054,-2.7027,-2.7027,-21.6796,1.7481,2.0702,1.8989,2.3549,3.7124,0.7407,1.0224,2.092,2.3525
2022/06/30,4,12.95,-2.7047,-2.4115,-10.3186,-16.2216,-12.6052,-2.7778,-10.8741,-15.9503,-19.5041,0.8015,-0.013,-0.3592,0.8432,2.8215,0.1171,0.1631,1.4315,1.7789
2022/06/29,3,13.31,-1.0409,-1.4805,-6.0029,-13.1073,-10.1757,-0.0751,-8.3965,-13.6138,-17.2664,-0.9132,-2.6284,-1.3102,0.3894,1.4225,0.2783,-0.1181,1.0118,1.4402
2022/06/28,2,13.45,-1.0302,-2.6773,-5.0142,-12.2505,-9.3493,0.9759,-7.433,-12.7052,-16.3962,0.7676,-1.0131,-0.4434,0.5204,2.5384,-0.399,-0.1036,0.7575,1.0019
2022/06/27,1,13.59,2.027,0.2212,-4.0255,-11.6248,-8.4654,2.027,-6.4694,-11.7965,-15.5259,-0.2937,-2.4509,-1.2017,-0.073,1.4459,0.3288,0.0405,1.1477,2.1264
2022/06/24,5,13.32,0.3768,-2.6316,-4.5161,-13.5489,-10.284,-2.6316,-8.3276,-13.5489,-17.2042,-0.4155,0.4168,-1.6236,0.5213,1.6582,-0.1559,-0.0105,0.2792,1.4834
2022/06/23,4,13.27,-1.7765,-4.3259,-6.0198,-13.9849,-10.6208,-2.9971,-8.6718,-13.8734,-17.515,-1.7765,0.6278,-0.1833,0.4305,1.3253,-0.1639,0.2627,0.4832,1.6012
2022/06/22,3,13.51,-2.2431,-3.2928,-4.4554,-11.9163,-7.4957,-1.2427,-7.02,-12.3157,-16.0231,0.6613,3.2974,1.6766,1.7021,2.9846,0.288,0.3208,0.6319,1.3297
2022/06/21,2,13.82,1.9174,-1.0738,-2.263,-9.8365,-5.3731,1.0234,-4.8865,-10.3037,-14.0962,-0.6152,3.0217,1.061,0.7274,2.6469,-0.2607,0.5418,0.3595,1.3159
2022/06/20,1,13.56,-0.8772,-3.1429,-4.1018,-11.2439,-8.727,-0.8772,-6.6759,-11.9912,-15.7124,2.503,3.5602,1.6102,1.3533,2.4881,0.2688,0.7711,0.5965,1.3128
2022/06/17,5,13.68,-1.3699,-4.6026,-2.9786,-10.6918,-8.0392,-4.6026,-5.85,-11.2124,-14.9664,-0.1814,1.4103,-1.3967,-1.9053,-0.1628,0.1287,0.6495,0.1546,0.8175
2022/06/16,4,13.87,-0.7158,-4.0138,-0.8576,-7.3386,-5.966,-3.2775,-4.5423,-9.9792,-13.7854,1.006,0.6781,-2.1022,-2.9497,-0.4796,-0.1087,0.9596,-0.2973,-0.2427
2022/06/15,3,13.97,0,-3.8541,0.2873,-5.9178,-6.0897,-2.5802,-3.8541,-9.3301,-13.1638,0.3112,-1.6339,-3.015,-3.6781,-1.2456,0.5106,0.9118,-0.3942,0.4633
2022/06/14,2,13.97,-0.2143,-2.9187,0.2873,-7.1656,-5.6598,-2.5802,-3.8541,-9.3301,-13.1638,0.041,-1.2992,-3.3375,-2.1187,-2.1061,-0.0053,0.1841,-0.9109,0.6725
2022/06/13,1,14,-2.371,-3.5148,0.5026,-7.1509,-5.4572,-2.371,-3.6476,-9.1354,-12.9773,0.2943,-2.0693,-3.3874,-2.3652,-2.1504,0.1516,0.1758,-0.9075,0.7335
2022/06/10,5,14.34,-0.7612,-0.5548,1.4863,-5.7072,-2.8434,-0.5548,-1.3076,-6.9287,-10.8639,-0.9614,-1.7281,-5.2151,-2.9448,-2.0883,0.4477,0.2596,-1.044,0.9378
2022/06/09,4,14.45,-0.5506,0.208,2.4824,-3.1409,-1.8405,0.208,-0.5506,-6.2148,-10.1802,-1.3776,-0.7632,-4.7585,-2.0732,-2.4884,-0.1605,-0.1914,-1.2376,-0.2782
2022/06/08,3,14.53,0.9729,0.2069,1.2544,-1.284,-2.4523,0.7628,0,-5.6956,-9.6829,0.6717,0.4181,-2.2983,-1.1757,-2.7081,-0.2539,0.387,-0.8586,0.2164
2022/06/07,2,14.39,-0.827,-0.9635,0.2788,-4.184,-3.077,-0.2081,-0.9635,-6.6042,-10.5531,-0.7481,-0.9882,-2.9629,-1.2926,-3.8474,-0.0127,1.5575,-0.5967,0.4381
2022/06/06,1,14.51,0.6241,0.4848,1.1151,-5.8254,-2.5865,0.6241,-0.1377,-5.8254,-9.8072,0.703,-0.2958,-2.2082,0.8079,-3.4264,0.2356,0.5884,-0.5886,1.165
2022/06/02,4,14.42,-0.5517,3.2952,-0.4829,-7.1312,-3.1277,1.8362,-0.7571,-6.4095,-10.3666,-0.198,-1.6343,-4.6043,0.2476,-4.304,0.4133,-1.0186,-0.3759,1.1711
2022/06/01,3,14.5,-0.2065,3.2764,0.0692,-6.7957,-3.4073,2.4011,-0.2065,-5.8903,-9.8694,-0.7448,-1.29,-4.4218,-0.0053,-3.559,0.9407,-0.9389,-0.7972,0.9379
2022/05/31,2,14.53,0.6233,4.1578,0.2763,-5.4505,-2.8313,2.613,0.2763,-5.6956,-9.6829,-0.0529,-0.9829,-3.6552,0.2896,-3.1327,-1.0222,-2.1089,-1.7607,0.1425
2022/05/30,1,14.44,1.9774,2.2663,-0.3449,-6.0362,-1.5197,1.9774,-0.3449,-6.2797,-10.2424,-0.1606,0.1957,-3.5783,0.337,-1.7532,-0.4152,-0.9517,-0.73,1.0851
2022/05/27,5,14.16,1.4327,0.1415,0.0709,-7.8582,-1.8738,0.1415,-2.2772,-8.097,-11.9828,-0.4243,0.521,-2.4488,0.4749,-1.0171,-0.9455,-0.5408,-0.0339,1.4334
2022/05/26,4,13.96,-0.5698,-0.4989,-3.2569,-9.1597,-3.8407,-1.2729,-3.6575,-9.3951,-13.226,0.1288,1.4239,-2.5684,0.8446,-1.4615,0.4888,0.27,1.3469,2.2391
2022/05/25,3,14.04,0.6452,-1.5428,-2.6351,-8.6391,-3.4827,-0.7072,-3.1054,-8.8759,-12.7287,-0.4453,0.0047,-1.931,0.7321,-2.2943,-0.1535,0.2251,0.7508,1.8117
2022/05/24,2,13.95,-1.204,-1.0638,-5.3595,-9.4012,-1.7465,-1.3437,-3.7266,-9.46,-13.2882,1.0595,0.6761,0.0115,-0.2536,-1.6316,0.0666,-0.1428,0.8286,1.5737
2022/05/23,1,14.12,-0.1414,0.9293,-4.2062,-10.2742,0.2717,-0.1414,-2.5533,-8.3566,-12.2315,0.1723,-1.2645,-1.0267,-0.3908,-2.9601,-0.0186,-0.5464,0.7746,1.9897
2022/05/20,5,14.14,0.784,1.5076,-4.0055,-10.8257,1.3196,1.5076,-2.4153,-8.2269,-12.1072,0.505,-1.2904,-0.1901,-0.1957,-4.2673,-0.1185,-0.7372,1.858,2.3686
2022/05/19,4,14.03,-1.6129,2.0364,-4.422,-11.5194,-0.7769,0.7179,-3.1745,-8.9408,-12.7909,-1.2943,-2.7869,-0.6856,-0.6408,-5.0231,0.4417,-0.5023,1.3801,2.4513
2022/05/18,3,14.26,1.1348,1.1348,-2.5238,-10.0689,1.1962,2.369,-1.5872,-7.448,-11.3613,0.2419,-1.8923,0.5973,0.5249,-3.4551,-0.5328,-0.8793,0.9014,2.0972
2022/05/17,2,14.1,0.7863,-0.2123,-4.4,-11.3012,5.9595,1.2204,-2.6914,-8.4865,-12.3558,-0.863,-2.1099,-0.3276,-0.3592,-2.2558,-0.3314,-0.4999,1.1052,2.7752
2022/05/16,1,13.99,0.4307,-0.7801,-5.1459,-11.8272,1.2281,0.4307,-3.4506,-9.2005,-13.0396,0.1551,-1.7329,0.4831,0.7981,-1.8506,-0.2034,0.1029,1.4039,3.1312
2022/05/13,5,13.93,1.3091,-2.9268,-7.1237,-13.0258,1.577,-2.9268,-3.8646,-9.5899,-13.4125,-0.9457,-0.9437,0.3364,0.4007,-1.2295,0.1165,0.4849,1.9501,2.9695
2022/05/12,4,13.75,-2.4823,-5.6927,-7.0247,-14.1497,-3.353,-4.1812,-5.1069,-10.7581,-14.5314,-0.4555,-0.3992,1.3782,1.1858,-4.9134,0.0734,0.6693,1.2597,2.8356
2022/05/11,3,14.1,-0.2123,-2.2191,-4.9786,-11.9644,-3.9655,-1.7422,-2.6914,-8.4865,-12.3558,0.0009,-0.5589,2.2614,1.6197,-3.39,-0.1593,0.8955,1.19,2.8437
2022/05/10,2,14.13,0.2128,-1.7385,-6.0402,-12.1056,-6.9528,-1.5331,-2.4844,-8.2918,-12.1694,-0.494,-0.2883,2.92,1.3133,-2.2032,0.2754,0.8804,1.3718,2.782
2022/05/09,1,14.1,-1.7422,-2.6914,-6.2397,-11.8545,-8.0882,-1.7422,-2.6914,-8.4865,-12.3559,0.8984,-0.7255,3.3595,1.7246,-1.5317,0.1912,0.6137,1.1143,1.6913
2022/05/06,5,14.35,-1.5775,-0.9661,-5.5177,-9.0432,-3.786,-0.9661,-0.9661,-6.8639,-10.8019,-0.3788,-1.659,3.2617,-0.2724,-3.0067,0.3208,0.4327,1.5183,1.3453
2022/05/05,4,14.58,1.1096,1.5322,-4.8163,-7.5854,-2.8746,0.6212,0.6212,-5.3711,-9.3722,-0.6222,-1.1042,3.4959,0.0786,-2.8692,0.2858,-0.1005,1.2947,1.0691
2022/05/04,3,14.42,0.2782,1.9082,-5.8609,-8.5995,-4.9219,-0.483,-0.483,-6.4096,-10.3668,0.2782,0.2942,4.0121,0.6363,-1.3256,-0.1802,0.1202,1.0173,0.8013
2022/05/03,2,14.38,-0.7591,-0.3464,-6.1221,-8.8531,-7.8341,-0.7591,-0.7591,-6.6693,-10.6154,-0.9388,-0.6085,3.751,0.3827,-1.2792,0.0078,0.7995,1.1811,0.9611
2022/04/29,5,14.49,0.9053,-1.6961,-5.4039,-8.1559,-9.5982,-1.6961,-5.9554,-5.9554,-9.9317,0.1971,2.574,4.7967,1.2427,-0.1782,-0.2124,0.6032,0.8593,0.9613
2022/04/28,4,14.36,1.4841,-2.9075,-6.3137,-8.9799,-11.1076,-2.5781,-6.7991,-6.7991,-10.7398,0.7656,3.5752,3.8852,1.0558,-1.6017,0.5061,1.1903,0.8222,1.1419
2022/04/27,3,14.15,-1.9404,-3.9377,-7.9833,-10.311,-12.2497,-4.0028,-8.1621,-8.1621,-12.0451,-0.6099,2.5977,3.2353,0.3666,-1.7966,0.4969,1.3826,1.1579,0.6813
2022/04/26,2,14.43,0.0693,-1.6972,-6.1625,-8.5362,-9.9181,-2.1032,-6.3448,-6.3448,-10.3047,0.7834,3.2356,3.859,0.9369,-1.3289,-0.1353,0.3182,0.7089,0.2325
2022/04/25,1,14.42,-2.171,-1.4302,-6.2275,-9.2881,-6.9423,-2.171,-6.4097,-6.4097,-10.3668,1.4898,2.5138,3.1469,-0.4915,0.068,-0.0461,0.3776,0.8341,0.0622
2022/04/22,5,14.74,-0.3381,-0.0608,-3.897,-7.9109,-4.279,-0.0608,-4.3327,-4.3327,-8.3777,1.2814,0.3308,1.3547,-1.41,-2.5975,0.4056,0.1391,0.0259,0.0608
2022/04/21,4,14.79,0.4073,-0.862,-3.5082,-7.5985,-4.3752,0.2783,-4.0082,-4.0082,-8.0669,-0.2545,-0.3474,-0.3255,-2.6367,-1.4833,0.7165,0.2222,-0.132,-0.3163
2022/04/20,3,14.73,0.3467,-1.7897,-3.5858,-9.4413,-4.6437,-0.1285,-4.3976,-4.3976,-8.4398,-0.0147,-0.6924,0.0394,-1.9631,-0.8423,-0.6216,-0.5476,-1.0551,-0.9384
2022/04/19,2,14.71,0.3411,-0.7422,-3.9189,-9.5321,-4.7343,-0.4736,-4.7279,-4.7279,-8.7561,0.0226,-0.484,0.0534,-1.7498,-1.6802,-0.0758,-0.5787,-0.4534,0.0691
2022/04/18,1,14.66,-0.8119,-1.4122,-4.2455,-10.7726,-3.7268,-0.8119,-5.0517,-5.0517,-9.0663,-0.714,-0.059,0.0316,-1.9786,-0.5804,-0.2897,-0.5283,-0.3793,0.0227
2022/04/15,5,14.78,-1.1371,-1.9243,-0.672,-9.5533,-2.1278,-1.9243,-4.2746,-4.2746,-8.322,0.6039,1.3701,-1.2282,-1.5683,0.3917,0.4861,-0.1883,-0.8052,1.1856
2022/04/14,4,14.95,-0.5323,-0.2668,-0.862,-8.513,-0.5548,-0.7962,-3.1735,-3.1735,-7.2675,-0.6045,0.8367,0.048,-2.1584,-1.3642,-0.0639,-0.519,-0.5518,0.7531
2022/04/13,3,15.03,1.417,-1.2483,-0.5293,-8.0796,-0.6638,-0.2653,-2.6554,-2.6554,-6.7713,0.2041,2.1323,0.4333,-0.8303,0.1053,-0.6541,-0.0013,-0.4287,0.6683
2022/04/12,2,14.82,-0.3362,-3.4527,-1.9192,-8.6392,-2.4896,-1.6588,-4.0155,-4.0155,-8.0739,0.4467,1.747,0.2303,-0.0866,0.8899,-0.0285,0.6904,0.2085,1.5679
2022/04/11,1,14.87,-1.3271,-3.127,-1.5883,-7.9915,-1.4685,-1.3271,-3.6917,-3.6917,-7.7638,0.7366,1.3246,-0.2109,-0.3621,1.5321,0.0503,0.7203,0.2373,1.2853
2022/04/08,5,15.07,0.5337,-1.8241,2.1695,-6.6388,0.2434,-1.8241,-2.3964,-2.3964,-6.5232,0.0486,0.6141,-1.7203,0.1305,1.427,0.1664,0.6802,0.0644,0.2666
2022/04/07,4,14.99,-1.5112,-2.9145,-0.3987,-7.1344,1.2805,-2.3453,-2.9145,-2.9145,-7.0195,0.7208,0.2229,-1.2092,0.085,1.8153,0.4457,0.6265,-0.1145,0.1117
2022/04/06,3,15.22,-0.8469,-1.7431,-1.4249,-6.2887,3.6501,-0.8469,-1.4249,-1.4249,-5.5928,-0.1542,-0.2317,-0.4854,0.7046,1.0992,0.0754,0.0833,0.2021,0.1976
2022/04/01,5,15.35,-0.5829,-0.3894,-1.5394,-4.7864,5.3712,-0.3894,-0.5829,-0.5829,-4.7864,-0.3479,-0.4863,-0.6925,4.0539,0.9547,0.117,0.2962,0.5368,-0.6586
2022/03/31,4,15.44,-0.3228,0,0.2599,-4.2282,6.6283,0.1947,0.2599,-4.2282,-4.2282,0.268,0.262,-0.7878,4.3974,1.4078,-0.1087,-0.202,0.5155,-0.7761
2022/03/30,3,15.49,0.9121,0.194,0.5845,-3.918,6.4031,0.5192,0.5845,-3.918,-3.918,0.2668,-0.5255,-1.0637,4.1645,0.4905,-0.3583,-0.1,0.6261,-0.6731
2022/03/29,2,15.35,-0.0651,-0.1301,-0.3246,-4.9041,5.4414,-0.3894,-0.3246,-4.7864,-4.7864,-0.7753,-1.1357,-1.3211,3.2729,-0.7294,-0.2415,-0.2701,0.9709,-0.2691
2022/03/28,1,15.36,-0.3245,0,-0.2597,-4.3693,5.5101,-0.3245,-0.2597,-4.7244,-4.7244,0.1008,-0.8238,-0.5439,4.0482,-1.2495,0.8781,0.2152,1.2097,0.2151
2022/03/25,5,15.41,-0.1943,0.6532,0.065,-3.2164,5.8536,0.6532,0.065,-4.4142,-4.4142,0.3984,-0.8054,-0.6475,4.0134,-2.5384,-0.3819,-0.915,0.335,-1.3578
2022/03/24,4,15.44,-0.1294,0.5863,0.0649,-3.028,6.0597,0.8491,0.2599,-4.2282,-4.2282,-0.5169,-2.3267,-2.6055,3.6487,-2.5703,-0.0069,-0.8302,0.3139,-0.9856
2022/03/23,3,15.46,0.5856,3.0667,-1.9656,-2.7805,6.1971,0.9798,0.3898,-4.1041,-4.1041,-0.3455,-3.1146,-1.1152,4.3162,-2.5346,-0.5292,-1.941,0.8577,-0.9235
2022/03/22,2,15.37,0.0651,3.293,-2.1018,-3.1642,5.5788,0.3919,-0.1947,-4.6624,-4.6624,-0.4638,-2.4213,-1.184,4.202,-1.5855,0.244,-0.7206,1.6393,-0.922
2022/03/21,1,15.36,0.3266,1.8567,-3.2744,-3.1054,5.5101,0.3266,-0.2596,-4.7244,-4.7244,0.1249,0.0361,0.0072,4.1119,-1.3837,-0.2366,-0.1978,1.4132,-1.3337
2022/03/18,5,15.31,-0.2606,1.3236,-3.6499,-3.5422,5.1666,1.3236,-0.5843,-5.0346,-5.0346,-1.0929,-0.3115,-0.0601,3.9302,-0.9756,-0.2986,0.1036,1.7433,-0.708
2022/03/17,4,15.35,2.3333,0.7218,-3.6407,-3.2902,5.4414,1.5884,-0.3246,-4.7864,-4.7864,-1.2422,0.5274,0.267,4.946,-0.6113,-1.0808,0.7656,2.3026,-0.4191
2022/03/16,3,15,0.8065,0.3345,-5.6601,-5.6139,3.0373,-0.7279,-2.5973,-6.9574,-6.9574,0.3192,1.7158,1.817,6.643,0.4965,0.6489,0.978,3.3157,0.2283
2022/03/15,2,14.88,-1.3263,0.8813,-5.4035,-5.718,2.2129,-1.5222,-3.3765,-7.7018,-7.7018,1.8475,0.9698,1.2448,5.6309,-0.626,0.7327,0.6823,2.1569,-0.4417
2022/03/14,1,15.08,-0.1985,0.1993,-4.4358,-4.2692,3.5868,-0.1985,-2.0778,-6.4612,-6.4612,-0.2176,-0.4145,-1.221,3.2213,-3.452,0.0606,-0.0791,1.541,-1.1692
2022/03/11,5,15.11,-0.853,-2.1374,-5.8565,-4.7424,3.7928,-2.1374,-1.883,-6.2751,-6.2751,-0.256,1.2206,-0.3184,4.199,-3.6256,0.3581,0.6185,1.6626,-0.8463
2022/03/10,4,15.24,1.9398,-2.3077,-5.4002,-3.9229,4.6858,-1.2954,-1.0389,-5.4688,-5.4688,-0.0068,1.5592,-0.408,4.4716,-5.3898,-0.8539,0.5277,1.1221,-1.2049
2022/03/09,3,14.95,1.3559,-3.9203,-6.7372,-5.8104,2.6937,-3.1736,-2.922,-7.2676,-7.2676,-0.4488,1.5497,-0.4158,4.0868,-6.1543,0.349,1.3026,0.9499,0.0471
2022/03/08,2,14.75,-1.9934,-5.388,-7.349,-7.2453,1.3199,-4.4689,-4.2207,-8.5081,-8.5081,0.4999,1.4984,-0.356,4.28,-4.8893,-0.012,1.1088,0.3435,-0.9654
2022/03/07,1,15.05,-2.5259,-2.2726,-4.987,-5.2993,3.3807,-2.5259,-2.2726,-6.6472,-6.6472,1.4033,0.637,-1.102,3.1752,-4.8941,0.7512,1.2407,0.8803,-0.8718
2022/03/04,5,15.44,-1.0256,0.2599,-2.3399,-2.7842,6.0597,0.2599,0.2599,-4.2281,-4.2281,0.0949,-0.8015,-3.2977,1.9512,-6.9368,0.2663,0.5041,-0.3278,-1.9914
2022/03/03,4,15.6,0.2571,1.1019,-1.3279,-1.7768,7.1587,1.2988,1.2988,-3.2357,-3.2357,0.0105,-2.4741,-3.4298,1.879,-5.9525,-0.0108,-0.1704,-0.5983,-2.2825
2022/03/02,3,15.56,-0.1924,-1.3316,-1.5809,-1.6581,6.8839,1.039,1.039,-3.4839,-3.4839,-0.4717,-1.4962,-3.4317,1.2936,-6.4044,0.1584,0.3939,-0.5861,-1.405
2022/03/01,2,15.59,1.2338,-0.7005,-1.3912,-1.1569,7.0899,1.2338,1.2338,-3.2978,-3.2978,-0.4374,-1.4478,-2.9583,2.4452,-4.8693,0.0876,0.5212,-0.7449,-2.6164
2022/02/25,5,15.4,-0.1944,-3.0836,-3.3268,-1.9272,5.7848,-3.0836,-2.593,-4.4764,-4.4764,-1.5342,-0.208,-3.2522,3.1379,-2.7979,-0.4031,0.5658,-1.1282,-1.9286
2022/02/24,4,15.43,-2.156,-3.1387,-4.2802,-1.7986,5.9908,-2.8948,-2.4033,-4.2903,-4.2903,0.8991,0.542,-1.4294,4.8353,-2.0354,0.5441,1.2342,-0.4127,-1.6476
2022/02/23,3,15.77,0.4459,-0.8175,-1.683,0.1745,8.3263,-0.7551,-0.2527,-2.1814,-2.1814,-0.4167,0.0979,-2.1377,3.3457,-2.1639,0.286,0.8232,-1.3507,-1.8384
2022/02/22,2,15.7,-1.1335,-0.1907,-2.1195,-1.0851,7.8455,-1.1957,-0.6955,-2.6156,-2.6156,0.736,0.2091,-1.7151,4.326,-1.0778,0.027,-0.0772,-1.628,-2.2185
2022/02/21,1,15.88,-0.0629,0.6337,-0.9973,0.1119,9.0819,-0.0629,0.443,-1.4991,-1.4991,0.0547,-1.2572,-2.4903,2.252,-5.0947,0.1184,-0.0404,-1.6742,-1.9426
2022/02/18,5,15.89,-0.2511,-0.9969,-3.2865,0.5543,9.1506,-0.9969,0.5062,-1.4371,-1.4371,-0.7509,-0.5781,-2.1156,2.4663,-6.8573,0.2926,0.0576,-1.3686,-1.8043
2022/02/17,4,15.93,0.1887,-1.1173,-3.5175,0.9988,9.4253,-0.7477,0.7592,-1.189,-1.189,0.4606,-0.1809,-1.6841,2.7844,-7.7325,0.1088,-0.4582,-0.8659,-2.6033
2022/02/16,3,15.9,1.0807,-0.8109,-2.6998,1.1927,9.2192,-0.9346,0.5694,-1.3751,-1.3751,-0.3068,-0.6616,-2.0826,1.8325,-11.1677,-0.6343,-1.5742,-0.7866,-2.6555
2022/02/15,2,15.73,-0.3169,-1.1933,-3.74,0.3018,8.0515,-1.9938,-0.5058,-2.4295,-2.4295,-0.7043,-0.736,-1.7629,1.9026,-10.6879,0.0642,-1.2493,-0.1731,-2.1619
2022/02/14,1,15.78,-1.6822,-0.3786,-3.434,1.1353,8.395,-1.6822,-0.1895,-2.1193,-2.1193,0.6996,-0.2957,-1.0786,1.8773,-9.8862,0.213,-0.7737,-0.236,-2.443
2022/02/11,5,16.05,-0.3724,1.5182,-0.6904,3.0634,10.2496,1.5182,1.5182,-0.4446,-0.4446,-0.3499,-1.7697,0.1577,0.8971,-10.9175,-0.2261,-1.5166,-0.614,-2.8865
2022/02/10,4,16.11,0.4991,1.8977,-0.196,3.0526,10.6617,1.8977,1.8977,-0.0725,-0.0725,-0.0213,-1.4135,2.2156,0.9197,-10.5327,-1.0138,-1.2881,-0.9498,-2.2233
2022/02/09,3,16.03,0.691,1.3917,-0.6917,2.2797,10.1122,1.3917,1.3917,-0.5688,-0.5688,-0.3838,-1.3847,1.784,0.4039,-10.4548,-0.31,-0.2563,-0.4537,-1.4182
2022/02/08,2,15.92,0.5051,0.6959,-1.3732,2.557,9.3565,0.6959,0.6959,-1.2511,-1.2511,-0.2599,-0.9876,2.1395,0.7698,-9.9284,0.5485,0.0553,-0.1465,-1.0151
2022/02/07,1,15.84,0.1898,0.1898,-1.8688,2.9681,8.8069,0.1898,0.1898,-1.7474,-1.7474,-0.7217,-0.7217,2.3764,2.4636,-9.5724,-0.4945,-0.4945,-0.685,-1.3351
2022/01/26,3,15.81,-0.7533,-2.7675,-0.7046,3.6467,8.6008,-1.4339,-1.9335,-1.9335,-1.9335,-0.7812,0.3896,7.0872,0.6339,-7.3992,-0.3192,0.142,-0.887,-0.9969
2022/01/25,2,15.93,-1.1787,-3.0432,0.0491,5.1209,9.4251,-0.6858,-1.1892,-1.1892,-1.1892,0.2971,0.898,7.8666,1.949,-4.902,0.3226,0.3297,-0.5701,-1.0701
2022/01/24,1,16.12,0.4988,-2.3669,1.2424,6.4448,10.7303,0.4988,-0.0106,-0.0106,-0.0106,0.2553,0.3051,7.6791,1.6823,-5.4514,-0.3792,0.7965,-0.9104,-1.0616
2022/01/21,5,16.04,-1.5951,-1.8432,1.1838,5.8468,10.1807,-1.8432,-0.5069,-0.5069,-0.5069,0.4084,0.1295,6.6642,0.8649,-7.9647,0.0266,1.3576,-1.1825,-0.9543
2022/01/20,4,16.3,0.246,-0.313,3.4751,7.3506,11.9667,-0.2521,1.1059,1.1059,1.1059,0.2145,0.5396,6.259,0.0463,-9.4177,0.4898,1.1936,-1.2294,-1.1028
2022/01/19,3,16.26,-1.0347,0.2374,2.4427,5.3566,11.6919,-0.4969,0.8578,0.8578,0.8578,-0.2527,1.3288,6.0923,-2.4451,-7.3959,-0.1253,1.0701,-1.3182,-3.1792
2022/01/18,2,16.43,-0.4894,1.6606,3.5138,6.4715,12.8597,0.5434,1.9123,1.9123,1.9123,-0.3154,1.7543,6.4039,-4.0907,-7.8139,0.7983,0.8574,-1.1994,-4.4723
2022/01/17,1,16.55,1.0379,2.2868,4.0229,7.6723,13.4147,1.0379,2.4135,2.4135,2.4135,0.0741,3.8067,6.7437,-3.258,-7.9732,0.1988,-0.5291,-2.0563,-3.8205
2022/01/14,5,16.38,-0.061,1.2361,3.7368,7.245,12.2497,1.2361,1.3614,1.3614,1.3614,0.8228,3.2527,5.8487,-4.7433,-5.9128,-0.1611,-1.2481,-2.7278,-6.6201
2022/01/13,4,16.39,0.7995,0.6756,3.2768,7.1058,12.3182,1.2979,1.4233,1.4233,1.4233,1.0089,3.7896,6.2903,-6.7597,-6.4241,0.3607,-0.5248,-2.3806,-6.8506
2022/01/12,3,16.26,0.3704,-0.8537,2.2643,5.8525,11.4273,0.4945,0.6189,0.6189,0.6189,0.1516,2.8896,4.8297,-5.9449,-9.149,-0.3548,-0.6855,-2.4869,-6.7607
2022/01/11,2,16.2,0.1236,-0.8568,1.8869,4.8642,11.0161,0.1236,0.2475,0.2475,0.2475,1.7226,4.0386,4.665,-5.415,-7.5709,-0.5597,0.1496,-2.1101,-5.9634
2022/01/10,1,16.18,0,0.3722,1.7612,4.7347,10.8791,0,0.1238,0.1238,0.1238,-0.4545,3.6689,2.9594,-7.3365,-10.84,-0.5137,0.0876,-1.5301,-5.3407
2022/01/07,5,16.18,-0.6143,0.1238,1.5695,4.5372,10.8791,0.1238,0.1238,0.1238,0.1238,1.3795,4.7293,2.1228,-7.3244,-10.8687,0.5395,-0.2808,-1.1764,-4.3187
2022/01/06,4,16.28,-0.7317,0.7426,2.4545,6.4547,11.5644,0.7426,0.7426,0.7426,0.7426,0.1259,3.4075,1.0737,-10.9214,-13.9209,0.1878,-0.834,-2.132,-5.7487
2022/01/05,3,16.4,0.3672,1.3598,3.0153,7.376,12.3868,1.4852,1.4852,1.4852,1.4852,1.348,2.6507,0.6722,-9.8668,-13.0337,0.4878,-0.9702,-2.3157,-5.6223
2022/01/04,2,16.34,1.3648,1.4908,2.6384,7.9456,11.9756,1.1139,1.1139,1.1139,1.1139,1.3096,1.359,-0.7184,-11.8252,-14.7894,-0.6316,-1.1979,-2.8197,-5.1405
2022/01/03,1,16.12,-0.2475,0.75,1.2564,6.7667,10.4679,-0.2475,-0.2475,-0.2475,-0.2475,0.6576,0.0872,-2.0434,-10.2368,-17.3971,-0.8815,-1.0774,-2.1375,-3.3152
2021/12/30,4,16.16,-0.1236,1.3802,3.59,5.3348,10.742,1.2531,3.59,5.3348,10.742,-0.6654,-0.4196,-1.3858,-9.6511,-18.1928,0.061,-0.3524,-1.1469,-2.1764
2021/12/29,3,16.18,0.4969,1.6971,3.9848,6.2059,10.8791,1.3784,3.7182,5.4652,10.8791,0.0505,-0.2004,-1.568,-9.5556,-18.6687,0.2674,-0.9554,-1.343,-1.7671
2021/12/28,2,16.1,0.625,1.3217,3.5372,3.306,10.3308,0.8772,3.2053,4.9437,10.3308,0.0392,-0.8235,-2.1082,-8.3894,-19.1311,-0.5159,-1.4046,-1.3226,-2.1167
2021/12/27,1,16,0.2506,1.33,2.8941,1.901,9.6455,0.2506,2.5643,4.2919,9.6455,-0.0281,-1.0247,-2.136,-8.1303,-19.9182,-0.2229,-0.8727,-0.7828,-1.3424
2021/12/24,5,15.96,0.1255,0.3144,1.3336,1.9622,9.3715,0.3144,2.3079,4.0312,9.3715,0.1898,-0.8789,-1.3839,-7.4697,-20.4074,0.059,-0.2442,-0.3435,-1.2232
2021/12/23,4,15.94,0.1886,0.0629,1.0142,2.7282,9.2344,0.1887,2.1797,3.9008,9.2344,-0.4497,-0.2207,-2.3247,-7.9952,-20.8016,-0.5294,-0.6809,0.0057,-1.6245
2021/12/22,3,15.91,0.1259,0.569,0.0002,3.1817,9.0287,0.0001,1.9873,3.7052,9.0287,-0.5646,-0.6003,-1.1733,-8.396,-21.4109,-0.1756,-0.2163,0.4174,-1.1803
2021/12/21,2,15.89,0.6333,0.6334,-0.0627,1.0751,8.8916,-0.1257,1.8591,3.5748,8.8916,-0.1589,-0.8875,-2.0737,-7.9021,-19.4978,0.0079,-0.0412,0.9122,-0.8146
2021/12/20,1,15.79,-0.7542,-0.504,-0.6917,0.439,8.2064,-0.7542,1.2181,2.923,8.2064,0.105,0.5828,-1.9008,-7.6816,-19.2024,0.3886,0.1062,0.8988,-0.8174
2021/12/17,5,15.91,-0.1255,0.0629,0.6327,1.2023,9.0287,0.0629,1.9873,3.7051,9.0287,0.8372,0.0413,-2.2145,-7.8554,-19.1839,-0.3763,-0.0509,0.3076,-1.2247
2021/12/16,4,15.93,0.6953,0.1256,1.143,1.2668,9.1657,0.1886,2.1154,3.8354,9.1657,-0.8318,-1.1451,-3.6296,-9.744,-19.8982,-0.0642,0.7852,0.7511,-0.7583
2021/12/15,3,15.82,0.19,-0.7529,0.6363,0.2575,8.4119,-0.5032,1.4103,3.1184,8.4119,-0.8504,-0.4657,-2.9804,-8.6264,-21.1249,-0.0013,0.1096,0.6434,-0.3913
2021/12/14,2,15.79,-0.5041,-0.8789,0.9592,-0.3626,8.2063,-0.6918,1.218,2.9229,8.2063,1.2926,-0.4224,-2.8863,-7.2922,-17.6144,0.1547,0.2166,0.4561,-0.1702
2021/12/13,1,15.87,-0.1887,-0.1259,1.4708,0.0195,8.7545,-0.1887,1.7308,3.4444,8.7545,-0.4404,-1.4018,-4.2747,-8.7895,-20.0038,0.2339,-0.3007,0.3011,-0.4371
2021/12/10,5,15.9,-0.0629,-0.1256,1.468,-0.2197,8.9601,-0.1256,1.9232,3.6399,8.9601,-0.3371,-1.2315,-4.4581,-7.5672,-18.6638,0.4608,-0.5099,0.3091,-0.5854
2021/12/09,4,15.91,-0.1882,0.3153,1.2733,1.1397,9.0287,-0.0628,1.9873,3.7052,9.0287,-0.1534,-1.5015,-4.6456,-7.3599,-16.7621,-0.7419,-0.104,-0.4093,-0.7056
2021/12/08,3,15.94,0.0628,0.8223,2.4424,2.0244,9.2343,0.1257,2.1796,3.9007,9.2343,-0.8061,-0.6298,-4.5591,-8.0463,-17.6002,0.1069,-0.4023,0.4313,0.6801
2021/12/07,2,15.93,0.2517,2.1155,3.3076,0.3361,9.1657,0.0628,2.1155,3.8355,9.1657,0.3394,1.4172,-2.2366,-6.6852,-17.6821,-0.3653,-0.2348,0.5758,-0.3111
2021/12/06,1,15.89,-0.1884,2.121,3.0482,-0.6463,8.8917,-0.1884,1.8591,3.5748,8.8917,-0.2718,0.2312,-2.5886,-6.8884,-17.5957,0.0259,0.0132,0.9464,-0.0176
2021/12/03,5,15.92,0.3783,2.3795,3.7136,-0.0332,9.0972,2.3795,2.0514,3.7703,9.0972,-0.601,0.0305,-1.9184,-5.3575,-17.6363,0.8673,0.2734,0.1435,-0.0374
2021/12/02,4,15.86,0.3163,0.7625,3.796,2.4695,8.686,1.9937,1.6668,3.3792,8.686,0.7091,1.0277,-0.9912,-2.7035,-16.6858,-1.0438,-0.286,-0.4434,0.4879
2021/12/01,3,15.81,1.3462,0.381,3.2659,1.4451,8.3433,1.6721,1.3462,3.0532,8.3433,1.2269,0.5882,-0.8899,-3.2352,-18.9873,0.2788,0.6326,0.1977,1.6321
2021/11/30,2,15.6,0.2571,-1.1406,2.0275,0.9801,6.9042,0.3216,2.0275,1.6844,6.9042,-0.8374,-1.3531,-3.5033,-5.2193,-21.218,-0.1215,0.7482,-0.1586,1.5751
2021/11/29,1,15.56,0.0643,-2.1999,1.7659,1.8759,6.6301,0.0643,1.7659,1.4236,6.6301,-0.4702,0.1303,-2.6224,-4.1389,-21.103,0.2802,0.7467,-0.0348,1.6724
2021/11/26,5,15.55,-1.2071,-2.2012,1.7005,2.7925,6.5615,-2.2012,1.7005,1.3584,6.5615,0.3928,-0.8323,-4.9631,-3.1958,-21.4494,0.3126,0.7885,0.4749,1.32
2021/11/25,4,15.74,-0.0635,-0.6313,3.6208,4.6542,7.8636,-1.0063,2.9431,2.5969,7.8636,0.2713,-0.9816,-4.9748,-3.0883,-23.5204,-0.1195,0.747,-0.234,1.2608
2021/11/24,3,15.75,-0.1901,-0.3794,3.755,6.0237,7.9321,-0.9434,3.0085,2.6621,7.9321,-0.7304,-1.7005,-5.2525,-4.3941,-23.5954,0.4014,0.3991,0.25,1.1573
2021/11/23,2,15.78,-0.8171,0.1906,3.9526,6.0173,8.1377,-0.7547,3.2047,2.8576,8.1377,0.6534,-1.4844,-4.4691,-3.5566,-22.3429,-0.1135,0.0617,-0.1682,-0.0871
2021/11/22,1,15.91,0.0629,1.2087,4.809,9.3932,9.0285,0.0629,4.0549,3.705,9.0285,-1.461,-2.4036,-5.2308,-4.6381,-24.6898,0.3232,0.0084,-0.0496,-0.0529
2021/11/19,5,15.9,0.3788,1.6625,2.7796,8.5979,8.96,1.6625,3.9895,3.6398,8.96,0.2635,-1.6842,-6.8188,-3.9345,-23.462,0.2626,-0.5148,-2.2979,-0.4767
2021/11/18,4,15.84,0.1898,1.4735,2.4047,5.5238,8.5488,1.2788,3.5971,3.2487,8.5488,-0.4395,-2.248,-8.9929,-4.2362,-24.102,-0.4747,-0.9436,-3.9039,-0.6261
2021/11/17,3,15.81,0.381,0.8934,2.8576,6.8473,8.3432,1.087,3.4008,3.0531,8.3432,-0.5105,-2.1225,-8.0186,-4.597,-24.7544,0.0634,-0.0523,-1.9052,0.9282
2021/11/16,2,15.75,0.1908,0.2546,2.4672,5.2652,7.932,0.7033,3.0084,2.6619,7.932,-0.2161,-2.1241,-7.4293,-3.0819,-23.8799,-0.1681,-0.3629,-1.964,0.6736
2021/11/15,1,15.72,0.5115,1.0283,2.272,4.3861,7.7264,0.5115,2.8122,2.4664,7.7264,-0.7521,-1.9418,-7.1791,-2.3659,-24.9848,-0.1911,-0.1102,-1.7856,0.5553
2021/11/12,5,15.64,0.1922,1.4267,1.816,2.2043,7.1782,1.4267,2.289,1.945,7.1782,-0.2862,0.2549,-6.9638,-0.8189,-24.4774,-0.1589,0.3289,-3.9975,0.2845
2021/11/11,4,15.61,-0.3829,1.8929,1.0447,1.8787,6.9726,1.2322,2.0928,1.7494,6.9726,-0.3277,0.6777,-5.9806,-1.4877,-23.3024,0.3987,-0.4913,-3.4791,0.7757
2021/11/10,3,15.67,-0.2546,2.0847,1.4331,1.7534,7.3838,1.6213,2.4852,2.1405,7.3838,-0.522,1.2596,-5.6514,0.5672,-23.8756,-0.246,-0.6923,-3.9141,0.1401
2021/11/09,2,15.71,0.964,2.8141,1.692,1.0555,7.6579,1.8807,2.7468,2.4012,7.6579,-0.0229,2.0851,-5.1069,1.2443,-21.3671,0.0855,-0.1302,-3.6643,0.3191
2021/11/08,1,15.56,0.9079,1.6328,0.721,-0.3459,6.63,0.9079,1.7658,1.4235,6.63,1.4128,2.8787,-5.0341,3.0887,-22.9218,0.2458,-0.6408,-3.7177,-0.1993
2021/11/05,5,15.42,0.6527,0.8502,0.9592,-2.2172,5.6706,0.8502,0.8502,0.511,5.6706,0.1312,0.1646,-7.5769,1.386,-24.9956,-0.9753,-0.9564,-3.8865,-0.785
2021/11/04,4,15.32,-0.1954,-0.0652,1.207,-2.2483,4.9853,0.1962,0.1962,-0.1408,4.9853,0.245,-1.1429,-8.0124,1.0911,-25.7468,0.2055,0.3562,-1.9149,0.6342
2021/11/03,3,15.35,0.4581,-0.1951,1.6664,-0.2615,5.1909,0.3923,0.3923,0.0547,5.1909,0.2863,-1.7916,-5.5606,2.1143,-27.4435,0.304,0.1499,-1.132,1.6883
2021/11/02,2,15.28,-0.196,-0.0655,1.2028,0.3622,4.7112,-0.0655,-0.0655,-0.4016,4.7112,0.797,-3.2368,-5.8403,2.4579,-28.8453,-0.4173,0.2933,-1.4374,2.0807
2021/11/01,1,15.31,0.1308,0.79,1.4016,1.7293,4.9168,0.1308,0.1308,-0.206,4.9168,-1.3102,-3.6062,-6.7151,1.6695,-29.4127,-0.0716,0.3365,-1.012,2.123
2021/10/29,5,15.29,-0.2609,0.7246,0.3637,2.6582,4.7798,0.7246,-0.3363,-0.3363,4.7798,-1.1739,-2.233,-4.6975,4.8075,-26.6916,0.3352,0.7559,-0.3345,3.8772
2021/10/28,4,15.33,-0.3251,0.9217,-1.635,4.2201,5.0539,0.9881,-0.0756,-0.0756,5.0539,-0.3957,-1.5671,-2.5372,5.3323,-24.6792,-0.0007,0.136,-0.7712,3.5443
2021/10/27,3,15.38,0.5886,1.0513,-2.0479,3.6008,5.3965,1.3175,0.2503,0.2503,5.3965,-1.136,-1.5334,-1.9586,6.9904,-23.3099,0.4483,0.0385,-0.562,3.3335
2021/10/26,2,15.29,0.6583,-1.1635,-2.3184,2.4574,4.7798,0.7246,-0.3363,-0.3363,4.7798,0.4759,-2.5084,-0.2725,9.2532,-22.2606,-0.3799,-1.8653,-1.1048,2.6845
2021/10/25,1,15.19,0.0659,-1.7975,-2.9573,1.7874,4.0945,0.0659,-0.9881,-0.9881,4.0945,0.0227,-4.7371,-0.733,7.4086,-21.3933,0.347,-2.7493,-0.7286,4.0461
2021/10/22,5,15.18,-0.0658,-1.241,-1.5528,2.053,4.026,-1.241,-1.0533,-1.0533,4.026,-0.5192,-4.2991,-1.7743,7.8345,-21.7638,-0.282,-1.6684,-1.4962,4.3425
2021/10/21,4,15.19,-0.1971,-0.5466,-3.3777,3.3367,4.0945,-1.176,-0.9882,-0.9882,4.0945,-0.3614,-5.1161,-1.4944,9.0744,-20.7805,-0.0973,-3.7483,-1.0365,5.1419
2021/10/20,3,15.22,-1.616,-0.5402,-3.1869,3.0634,4.3,-0.9809,-0.7926,-0.7926,4.3,-2.1112,-5.7501,-1.1426,8.8786,-20.6561,-1.448,-4.0313,-0.9433,4.884
2021/10/19,2,15.47,0.0126,0.7093,-1.5967,3.7312,6.0132,0.6456,0.8369,0.8369,6.0132,-1.7462,-1.8654,0.9303,10.9353,-18.6433,-1.2765,-2.1836,0.4824,6.4393
2021/10/18,1,15.9,0.6329,0.1258,-1.6091,2.7795,5.9999,0.6329,0.8242,0.8242,5.9999,0.4746,0.4754,2.6026,11.1913,-16.859,1.4321,-0.5717,1.7162,7.6478
2021/10/15,5,15.8,0.6369,-0.5039,-2.5896,1.217,5.3332,-0.5039,0.1901,0.1901,5.3332,-1.2898,0.0032,1.401,9.7073,-16.4738,-2.3478,-2.0127,0.6794,6.6814
2021/10/14,4,15.7,-0.1907,-1.32,-3.622,1.6838,4.6666,-1.1335,-0.444,-0.444,4.6666,-0.9684,0.8075,2.9117,10.7218,-14.9172,-0.371,0.7044,3.0573,9.1668
2021/10/13,3,15.73,-0.38,0.0636,-3.5562,1.8781,4.8666,-0.9446,-0.2538,-0.2538,4.8666,1.6419,0.1904,3.7643,11.6676,-14.1605,0.365,0.4199,3.303,9.2957
2021/10/12,2,15.79,-0.5668,0.5732,-3.6021,3.135,5.2666,-0.5668,0.1267,0.1267,5.2666,0.5754,-0.3719,2.8415,11.5793,-16.6741,0.3052,0.4001,3.0392,8.9411
2021/10/08,5,15.88,-0.1886,2.3195,-1.1209,3.8586,5.8666,2.3195,0.6975,0.6975,5.8666,-0.4552,1.3602,1.6087,10.2635,-17.2661,0.4113,2.0291,3.755,8.9004
2021/10/07,4,15.91,1.2087,0.8877,-2.5123,3.9868,6.0667,2.5129,0.8877,0.8877,6.0667,-1.629,2.8288,2.344,10.3602,-17.2995,-0.6772,1.7234,2.4897,8.6723
2021/10/06,3,15.72,0.1274,0.383,-4.3796,2.6108,4.8,1.2886,-0.3171,-0.3171,4.8,1.0976,3.8667,3.8563,11.1153,-15.0089,0.345,2.8165,2.9949,9.1975
2021/10/05,2,15.7,0.8997,-1.9976,-4.093,2.0805,4.6666,1.1597,-0.444,-0.444,4.6666,-0.2546,3.544,3.9677,10.2388,-17.4974,0.9426,2.3136,2.6884,8.5453
2021/10/04,1,15.56,0.2577,-3.5936,-4.9481,2.2338,3.7333,0.2577,-1.3317,-1.3317,3.7333,2.5143,3.8783,4.1617,10.2037,-17.6179,0.971,1.5859,1.7932,7.5743
2021/10/01,5,15.52,-1.5853,-3.5426,-3.1211,2.1052,3.4667,-3.5426,-1.5853,-1.5853,3.4667,1.0286,2.0464,3.9205,6.8989,-20.6862,0.1307,0.5574,2.3195,7.0207
2021/09/30,4,15.77,0.7024,-1.1286,-0.6926,3.0718,5.1334,-1.9888,-1.0043,3.0718,5.1334,-0.5176,0.8453,2.3532,6.5886,-22.3518,0.4582,0.1276,2.4676,6.6355
2021/09/29,3,15.66,-2.2472,-1.1988,-0.2546,2.3529,4.4001,-2.6724,-1.6948,2.3529,4.4001,0.8346,0.5864,3.0797,6.2109,-22.7491,-0.1092,-0.4182,1.9967,5.5613
2021/09/28,2,16.02,-0.7435,-0.8663,2.0384,4.5692,6.8001,-0.435,0.5651,4.7059,6.8001,0.1693,-0.5257,2.2989,5.8212,-24.1392,0.2064,-0.15,2.1542,5.3925
2021/09/27,1,16.14,0.3108,-0.1238,2.8027,5.2838,7.6001,0.3108,1.3184,5.4902,7.6001,0.5783,-0.7012,2.1444,5.2227,-26.4035,-0.1063,-0.3596,1.9607,4.9371
2021/09/24,5,16.09,0.8777,-0.4332,5.3701,4.9576,7.2667,-0.4332,1.0045,5.1633,7.2667,-0.2374,-1.2804,1.7272,4.6139,-24.4309,-0.3208,-0.2527,2.0365,4.6476
2021/09/23,4,15.95,0.6309,-1.3605,4.2485,4.0444,6.3334,-1.2995,0.1257,4.2483,6.3334,-0.7839,-1.9044,1.9823,4.0255,-21.27,-0.0961,0.1427,1.5443,4.976
2021/09/22,3,15.85,-1.9183,-2.2811,6.0201,5.1062,5.6667,-1.9183,-0.5021,3.5948,5.6667,-0.262,-1.0079,2.6218,4.8409,-20.2022,0.1563,0.5195,1.5861,4.8051
2021/09/17,5,16.16,-0.0618,-1.3431,6.2459,5.2084,7.7334,-1.3431,1.4439,5.6209,7.7334,-0.8728,0.2038,1.148,4.2868,-18.3163,0.0807,0.5578,2.5004,5.8493
2021/09/16,4,16.17,-0.3083,-0.0001,5.1366,6.1721,7.8,-1.2821,1.5067,5.6862,7.8,0.1098,1.02,2.8779,4.6859,-17.3028,0.2914,0.8347,2.2191,6.3159
2021/09/15,3,16.22,-0.4297,0.9962,4.7804,5.599,8.1334,-0.9768,1.8206,6.013,8.1334,0.3434,0.1965,3.1926,4.7608,-18.1731,0.2164,1.1737,1.6264,5.6439
2021/09/14,2,16.29,-0.1226,-0.1838,5.2326,6.5402,8.6,-0.5495,2.26,6.4705,8.6,-0.0519,0.1872,2.8533,3.8587,-19.3818,-0.1097,0.0797,1.4078,5.1058
2021/09/13,1,16.31,-0.4274,-0.7908,5.3618,6.671,8.7334,-0.4274,2.3855,6.6012,8.7334,0.6675,0.3226,2.91,3.9169,-20.5716,0.0853,0.1168,1.5236,5.2235
2021/09/10,5,16.38,1.2987,0.0611,3.4745,7.4804,9.2001,0.0611,2.825,7.0588,9.2001,-0.0518,0.8607,3.628,3.6892,-20.792,0.3559,0.0383,1.0582,5.1524
2021/09/09,4,16.17,0.6849,1.6343,1.189,6.3817,7.8001,-1.2217,1.5067,5.6863,7.8001,-0.7278,2.9392,3.7518,2.3179,-20.1577,0.6258,1.0805,0.6134,3.5121
2021/09/08,3,16.06,-1.5931,0.2498,0.0624,4.4214,7.0668,-1.8937,0.8162,4.9673,7.0668,0.3325,3.766,6.1896,1.3616,-19.1009,-0.8614,0.5547,-0.4479,2.3002
2021/09/07,2,16.32,-0.7299,2.4483,1.6823,6.458,8.8001,-0.3054,2.4483,6.6666,8.8001,0.0853,2.9623,5.9664,0.5172,-20.8948,-0.0713,2.1151,0.4311,3.8123
2021/09/06,1,16.44,0.4276,3.5266,2.4299,6.8921,9.6,0.4276,3.2016,7.4509,9.6,1.2087,2.7804,5.9273,0.0913,-19.3077,0.0062,1.7694,0.5075,3.9728
2021/09/03,5,16.37,2.8913,4.2677,3.4766,5.613,9.1334,4.2677,2.7622,6.9934,9.1334,2.0571,1.7954,5.5673,-1.2208,-20.168,1.4127,1.7368,1.9304,3.5827
2021/09/02,4,15.91,-0.6866,2.3152,1.6614,3.5133,6.0667,1.3377,-0.1255,3.9869,6.0667,0.1728,0.173,4.1162,-3.5093,-21.9661,0.1087,0.2196,1.2041,2.6241
2021/09/01,3,16.02,0.565,3.6222,3.5552,3.3548,6.8,2.0383,0.565,4.7058,6.8,-0.5611,0.5652,3.9968,-3.1244,-23.3053,0.6613,0.3536,0.7005,1.9741
2021/08/31,2,15.93,0.3149,4.3222,2.9734,3.1735,6.1999,1.465,2.9734,4.1175,6.1999,-0.1262,0.2319,4.5236,-2.8451,-22.7044,-0.4364,-0.5774,0.0195,1.492
2021/08/30,1,15.88,1.1465,3.7908,2.6502,4.8876,5.8666,1.1465,2.6502,3.7907,5.8666,0.2277,0.394,4.6327,-1.3071,-22.6033,-0.0384,-0.9326,0.464,2.5455
2021/08/27,5,15.7,0.9646,5.0166,2.8833,5.369,4.6666,5.0166,1.4866,2.6142,4.6666,0.4552,-0.0387,6.8188,-0.9397,-22.6721,-0.0832,-0.9888,1.9535,2.692
2021/08/26,4,15.55,0.5821,3.3221,1.3689,3.7357,3.6666,4.0133,0.517,1.6338,3.6666,0.5535,-1.3987,7.5709,-2.344,-23.1644,0.2376,-0.9559,1.8388,2.6116
2021/08/25,3,15.46,1.2443,0.1944,0.7823,2.9294,3.0666,3.4113,-0.0647,1.0456,3.0666,-0.8957,-2.035,5.6562,-3.6636,-25.3249,-0.2372,-1.0567,2.6048,2.0679
2021/08/24,2,15.27,-0.1961,0.3944,-0.4564,4.161,1.7999,2.1404,-1.2929,-0.1962,1.7999,0.032,-1.8686,6.4106,-2.483,-25.2296,-0.7782,0.1769,2.7994,2.8569
2021/08/23,1,15.3,2.3411,-0.5202,-0.2608,5.227,2,2.3411,-1.099,-0.0001,2,-0.1965,-1.0568,6.3933,-2.7416,-26.511,-0.0825,0.7785,3.5549,4.724
2021/08/20,5,14.95,-0.6645,-3.4238,-1.5151,3.7475,-0.3333,-3.4238,-3.3614,-2.2877,-0.3333,-0.8539,-0.4218,7.0349,-3.6134,-28.5667,-0.0657,0.5681,4.3115,4.2724
2021/08/19,4,15.05,-2.4627,-4.3229,-1.8264,3.0823,0.3334,-2.7777,-2.7149,-1.634,0.3334,-0.1115,1.0634,7.7971,-3.0102,-21.7531,0.1056,0.2022,4.447,3.4083
2021/08/18,3,15.43,1.4464,-2.0317,-0.2585,6.0481,2.8667,-0.323,-0.2586,0.8496,2.8667,-0.7271,0.2886,6.7868,-2.6736,-21.9846,1.0008,0.4207,4.4676,4.3225
2021/08/17,2,15.21,-1.1053,-3.9166,-1.6806,10.6987,1.4,-1.7442,-1.6807,-0.5883,1.4,0.8071,2.5497,7.3421,-0.3166,-20.4546,-0.1657,-0.7587,3.4682,4.395
2021/08/16,1,15.38,-0.646,-3.7547,-0.5817,7.7785,2.5333,-0.646,-0.5818,0.5228,2.5333,0.4254,1.9322,6.6672,-1.8071,-22.4165,-0.2748,-0.6635,3.6674,2.9393
2021/08/13,5,15.48,-1.5893,-3.5514,0.259,9.322,3.2,-3.5514,0.0646,1.1764,3.2,0.6841,3.3041,5.2524,-1.4623,-24.2138,-0.4385,-0.8156,4.5327,2.6261
2021/08/12,4,15.73,-0.127,-2.9611,2.7432,7.0796,4.8667,-1.9938,1.6806,2.8104,4.8667,-0.9401,2.3744,6.0717,-7.4329,-25.2791,0.3262,-0.7339,4.9508,0.5863
2021/08/11,3,15.75,-0.5054,-2.2346,3.4822,3.8917,5,-1.8692,1.8099,2.9411,5,1.6578,3.1164,6.0488,-5.0546,-24.374,-0.2246,-0.5829,4.2189,0.4473
2021/08/10,2,15.83,-0.9387,0.0632,4.0078,0.9566,5.5334,-1.3707,2.3271,3.464,5.5334,0.1564,2.7874,4.4202,-5.4961,-25.3485,-0.0673,0.89,4.465,1.1536
2021/08/09,1,15.98,-0.4361,2.1087,4.9934,0.8838,6.5334,-0.4361,3.2967,4.4444,6.5334,1.861,3.3042,4.3031,-5.4521,-24.949,-0.4303,1.6733,4.5756,1.3097
2021/08/06,5,16.05,-0.987,3.7492,4.765,4.2207,7,3.7492,3.7492,4.9019,7,-0.3083,1.4215,1.444,-8.2926,-26.9175,-0.3531,1.7287,5.8166,2.8076
2021/08/05,4,16.21,0.6207,5.8785,5.3965,4.5805,8.0666,4.7834,4.7834,5.9476,8.0666,-0.1759,3.6744,1.9891,-8.2167,-26.0635,0.488,3.8518,5.904,1.5432
2021/08/04,3,16.11,1.8331,6.5476,5.8475,2.8734,7.4,4.137,4.137,5.294,7.4,1.281,3.141,1.8602,-6.882,-27.2833,1.2775,3.3207,5.3357,0.9861
2021/08/03,2,15.82,1.0863,3.6698,3.9421,-1.8002,5.4667,2.2624,2.2624,3.3986,5.4667,0.6271,3.1284,0.5258,-7.6031,-29.8965,0.696,1.7613,3.9857,-2.2315
2021/08/02,1,15.65,1.1635,2.0209,2.8251,-5.4382,4.3333,1.1635,1.1635,2.2875,4.3333,-0.0233,3.8025,-0.1184,-7.7117,-30.4441,-0.4088,0.8675,3.2573,-3.3927
2021/07/30,5,15.47,1.0451,0.8475,1.1111,-6.5258,3.1334,0.8475,1.1111,1.1111,3.1334,1.8437,2.3786,-0.416,-7.5998,-31.2822,-,-,-,-
2021/07/29,4,15.31,1.2566,0.1308,0.0653,-7.4926,2.0667,-0.1955,0.0653,0.0653,2.0667,-0.7259,0.995,-3.1613,-9.3802,-35.2307,-,-,-,-
2021/07/28,3,15.12,-0.9174,0.0662,-1.3055,-9.3526,0.8,-1.4341,-1.1765,-1.1765,0.8,1.3166,2.3714,-2.0651,-9.8719,-35.3985,-0.1886,1.7643,1.0345,-5.1583
2021/07/27,2,15.26,-0.5215,0.5271,-0.4566,-8.3485,1.7333,-0.5215,-0.2615,-0.2615,1.7333,1.3404,0.518,-3.9359,-10.8195,-35.0885,-0.168,1.6178,0.9513,-4.3699
2021/07/26,1,15.34,0,0.0653,0.0652,-7.2552,2.2666,0,0.2613,0.2613,2.2666,-1.4449,-0.8357,-5.3773,-12.4255,-35.674,1.0192,1.8676,1.1234,-3.657
2021/07/23,5,15.34,0.327,-0.8403,0.0652,-4.1251,2.2666,-0.8403,0.2613,0.2613,2.2666,0.4537,-0.7362,-4.7091,-8.8349,-30.5596,0.6395,0.9032,-0.2214,-3.0764
2021/07/22,4,15.29,1.1913,-2.05,1.3925,-3.8366,1.9333,-1.1635,-0.0655,-0.0655,1.9333,0.6912,-2.1451,-5.261,-10.6294,-30.8936,0.4784,0.7858,-1.2006,-4.5777
2021/07/21,3,15.11,-0.4611,-2.1374,0.1989,-5.3852,0.7333,-2.3271,-1.242,-1.242,0.7333,-0.543,-3.0458,-5.6736,-8.6386,-33.6288,-0.3456,0.6282,-1.3531,-5.0237
2021/07/20,2,15.18,-0.9785,-1.6841,-1.0431,-4.8277,1.1999,-1.8746,-0.7845,-0.7845,1.1999,0.0082,-2.4544,-5.7404,-7.7068,-34.252,0.0919,0.7246,-0.5615,-3.4266
2021/07/19,1,15.33,-0.905,0.1305,-0.0653,-3.6457,2.1999,-0.905,0.1959,0.1959,2.1999,-1.3394,-1.0733,-5.8059,-8.7355,-34.0978,0.0549,0.5139,-0.6604,-3.6487
2021/07/16,5,15.47,-0.8969,1.6425,1.5758,-1.4023,3.1333,1.6425,1.111,1.111,3.1333,-0.9694,-0.7436,-5.4252,-6.2709,-29.3612,0.5238,0.0103,0.2446,-2.3877
2021/07/15,4,15.61,1.101,2.0928,1.6276,0.3213,4.0667,2.5623,2.0261,2.0261,4.0667,-0.2157,0.3325,-4.1691,-5.0464,-27.4958,0.3153,0.1302,-0.6488,-2.1151
2021/07/14,3,15.44,0,0.915,0.981,-0.3228,2.9334,1.4454,0.915,0.915,2.9334,0.055,0.1754,-4.5274,-6.0002,-25.2545,-0.2511,-0.0231,-1.3345,-3.1507
2021/07/13,2,15.44,0.8491,0.7833,0.981,-0.9621,2.9334,1.4454,0.915,0.915,2.9334,1.4099,-0.5127,-4.5855,-5.1171,-23.2472,-0.1336,0.2453,-1.0783,-4.0667
2021/07/12,1,15.31,0.5913,-0.4551,0.1308,-2.2349,2.0667,0.5913,0.0653,0.0653,2.0667,-1.0163,-1.7156,-6.031,-5.459,-25.5193,-0.4527,0.0723,-0.9353,-4.2956
2021/07/09,5,15.22,-0.4578,0,0.1317,-2.1221,1.4668,0,-0.5229,-0.5229,1.4668,0.0813,-1.0155,-5.937,-3.3129,-21.2174,0.6424,0.4147,-1.7236,-2.835
2021/07/08,4,15.29,-0.0654,0.5921,-0.5851,-1.2911,1.9334,0.4599,-0.0654,-0.0654,1.9334,-0.3658,-2.1052,-7.6919,-2.7973,-22.8268,0.1616,0.1683,-2.8847,-2.6192
2021/07/07,3,15.3,-0.1305,0,-0.1956,0.328,2.0001,0.5256,0,0,2.0001,-0.6275,-1.0507,-7.8529,-2.0328,-25.0599,0.0158,-0.3315,-2.5004,-1.8134
2021/07/06,2,15.32,-0.3901,0.1307,-0.39,1.2558,2.1334,0.657,0.1307,0.1307,2.1334,0.2055,-1.2871,-7.5043,-1.4147,-24.0094,-0.3027,-0.9643,-2.4413,-1.3228
2021/07/05,1,15.38,1.0512,0.3917,0.0001,2.4651,2.5334,1.0512,0.5228,0.5228,2.5334,-0.3106,-1.1698,-7.756,-1.971,-27.551,-0.1073,-1.0684,-2.1404,-1.2843
2021/07/02,5,15.22,0.1316,-0.7175,-0.9758,1.3991,1.4668,-0.7175,-0.5229,-0.5229,1.4668,-0.9852,-1.3201,-7.5546,-1.6338,-27.9189,0.3991,-1.2348,-1.8417,-1.162
2021/07/01,4,15.2,-0.6536,-0.8479,-1.9354,1.2659,1.3334,-0.8479,-0.6536,-0.6536,1.3334,0.6541,-0.3535,-5.9006,-0.6291,-28.8702,-0.335,-2.0183,-2.7563,-1.5703
2021/06/30,3,15.3,0,-0.1956,1.0569,2.0001,2.0001,-0.1956,-0.9067,2.547,2.0001,-0.862,-1.8139,-5.6562,-1.8611,-31.7751,-0.6135,-1.6344,-1.7135,-1.0943
2021/06/29,2,15.3,-0.1305,1.4589,1.0569,2.0001,2.0001,-0.1956,-0.9067,2.547,2.0001,0.3243,-0.968,-4.7442,-1.8906,-31.6085,-0.4039,-1.3579,-1.0868,-0.8907
2021/06/28,1,15.32,-0.0652,1.5915,1.1889,2.1334,2.1334,-0.0652,-0.7772,2.681,2.1334,-0.4701,-1.0607,-5.0955,-3.5561,-31.4634,-0.2838,-0.6279,-0.6763,-1.7213
2021/06/25,5,15.33,0,-0.0652,2.0639,2.2,2.2,-0.0652,-0.7124,2.748,2.2,-0.0141,-1.2514,-5.7422,-4.2182,-30.858,-0.3804,0.0962,-0.7104,-3.1741
2021/06/24,4,15.33,0,-0.1953,4.5703,2.2,2.2,-0.0652,-0.7124,2.748,2.2,-0.7878,-1.6233,-5.58,-3.8048,-30.8393,0.0541,0.9315,0.2127,-3.0706
2021/06/23,3,15.33,1.6578,0.6566,5.4333,2.2,2.2,-0.0652,-0.7124,2.748,2.2,-0.0068,-1.3623,-4.9611,-3.4826,-30.0811,-0.3225,1.3766,1.242,-1.6214
2021/06/22,2,15.08,0,-1.8229,3.7139,0.5334,0.5334,-1.6949,-2.3316,1.0724,0.5334,0.2359,-1.1139,-4.8729,-2.8743,-29.0449,0.3092,1.3129,1.5459,-1.3788
2021/06/21,1,15.08,-1.6949,-1.3735,3.7139,0.5334,0.5334,-1.6949,-2.3316,1.0724,0.5334,-0.6659,-1.9349,-5.1297,-3.4041,-30.2014,0.4208,0.661,1.229,-2.4382
2021/06/18,5,15.34,-0.1302,0.327,5.4296,2.2667,2.2667,0.327,-0.6477,2.815,2.2667,-0.3833,-1.28,-5.6633,-2.2233,-30.4873,0.46,0.244,0.3083,-1.2087
2021/06/17,4,15.36,0.8536,0.7874,11.7904,2.4,2.4,0.4578,-0.5181,2.949,2.4,-0.5214,-0.4651,-3.8189,-2.605,-32.0339,0.4965,-0.2429,0.7936,-1.9979
2021/06/16,3,15.23,-0.8464,0.1974,6.7274,1.5333,1.5333,-0.3925,-1.3601,2.0777,1.5333,0.2075,-1.2965,-3.6924,-2.1983,-32.0895,-0.3452,-1.9604,-1.3259,-1.6485
2021/06/15,2,15.36,0.4578,-0.13,7.6384,2.4,2.4,0.4578,-0.5181,2.9491,2.4,-0.5829,-3.1505,-3.9574,-3.2536,-35.4644,-0.3665,-2.1158,-0.9591,-1.7806
2021/06/11,5,15.29,0.3281,-0.5851,0.8575,1.9334,1.9334,-0.5851,-0.9715,2.4799,1.9334,0.4248,-3.3662,-6.1619,-3.8421,-33.607,-0.0226,-1.1151,-3.3319,-1.8642
2021/06/10,4,15.24,0.2632,-1.6774,-2.8062,1.6,1.6,-0.9102,-1.2953,2.1448,1.6,-1.3535,-3.7858,-5.213,-6.2492,-31.1624,-1.2139,-1.4093,-2.6953,-3.7992
2021/06/09,3,15.2,-1.1704,-1.1061,-4.0405,1.3333,1.3333,-1.1704,-1.5544,1.8766,1.3333,-1.6047,-2.6074,-3.6051,-5.6594,-30.3312,-0.5016,0.2759,-1.3941,-2.9106
2021/06/08,2,15.38,0.3262,-0.7742,-2.9041,2.5334,2.5334,0,-0.3886,3.0831,2.5334,-0.4898,-0.4592,-2.0382,-3.2901,-28.511,0.5481,0.2536,-0.9132,-2.4757
2021/06/07,1,15.33,-0.3251,-0.7124,-3.2198,2.2,2.2,-0.3251,-0.7124,2.7479,2.2,-0.3151,-0.2716,-1.5515,-2.1403,-28.826,0.0687,-0.1033,-1.4468,-2.6518
2021/06/04,5,15.38,-0.7742,1.5852,-1.7881,2.5333,2.5333,1.5852,-0.3886,3.0831,2.5333,-0.0237,1.4107,-1.072,-2.089,-29.652,-0.3282,0.3986,-2.1821,-2.4515
2021/06/03,4,15.5,0.8458,4.0268,-3.7866,3.3333,3.3333,2.3778,0.3886,3.8874,3.3333,-0.1667,2.0582,-0.7512,-1.0048,-30.7598,0.5021,0.8461,-3.7415,0.4556
2021/06/02,3,15.37,-0.8387,2.535,-7.13,2.4667,2.4667,1.5192,-0.4534,3.0161,2.4667,0.5241,1.2928,-0.3466,-1.2424,-32.0459,-0.5267,0.2017,-4.6651,-1.9165
2021/06/01,2,15.5,0.3886,3.1957,-6.3445,3.3333,3.3333,2.3778,0.3886,3.8874,3.3333,-0.3,0.0286,-0.8491,-0.8654,-32.7728,0.1885,0.456,-4.1849,-1.6748
2021/05/31,1,15.44,1.9815,5.3206,-6.7071,2.9333,2.9333,1.9815,-6.7071,3.4852,2.9333,1.3735,0.6164,-0.5653,-0.5528,-34.0397,0.5756,0.8105,-4.352,-1.8651
2021/05/28,5,15.14,1.6107,4.1266,-9.2327,0.9333,0.9333,4.1266,-8.5198,1.4745,0.9333,0.5836,-0.9973,-3.0954,-1.9274,-36.0017,0.0948,1.2852,-5.5377,-2.4121
2021/05/27,4,14.9,-0.6004,3.4005,-10.5106,-0.6666,-0.6666,2.476,-9.9699,-0.134,-0.6666,-0.8933,-2.6946,-3.1071,-2.4816,-35.9695,-0.12,0.7008,-4.8981,-2.4689
2021/05/26,3,14.99,-0.1997,2.6713,-9.3713,-0.0666,-0.0666,3.095,-9.4261,0.4692,-0.0666,-0.7123,-2.0622,-2.3651,-1.5843,-34.956,-0.2836,-0.1114,-4.2535,-2.3603
2021/05/25,2,15.02,2.4557,3.2302,-6.1251,0.1333,0.1333,3.3013,-9.2448,0.6702,0.1333,0.2669,-1.0408,0.4294,0.5425,-34.2511,0.5289,1.1117,-2.4433,1.8598
2021/05/24,1,14.66,0.8253,6.6957,-8.3751,-2.2667,-2.2667,0.8253,-11.4201,-1.7427,-2.2667,-0.1859,0.241,0.1809,-0.524,-36.0171,1.0386,1.5322,-2.8725,-0.2152
2021/05/21,5,14.54,0.9022,1.892,-8.9544,-3.0667,-3.0667,1.892,-12.1451,-2.547,-3.0667,-1.0583,-0.1503,1.4435,-1.7179,-34.6202,-0.4739,-1.0678,-4.6911,0.4847
2021/05/20,4,14.41,-1.3014,1.7654,-9.6553,-3.9334,-3.9334,0.981,-12.9307,-3.4183,-3.9334,-0.3071,1.6745,2.7123,-0.6877,-34.569,-0.9014,-1.2118,-2.9992,0.9272
2021/05/19,3,14.6,0.3436,-0.6128,-8.2339,-2.6667,-2.6667,2.3125,-11.7826,-2.1448,-2.6667,0.2748,-2.7354,2.2436,-0.3927,-35.2248,0.9065,-2.6196,-2.27,1.8118
2021/05/18,2,14.55,5.8952,-4.0238,-7.2658,-3,-3,1.9621,-12.0847,-2.4799,-3,1.5663,-1.9052,3.0738,-2.1085,-37.0362,0.9291,-3.2196,-1.8465,1.7759
2021/05/17,1,13.74,-3.7141,-12.3725,-12.4284,-8.4,-8.4,-3.7141,-16.979,-7.9089,-8.4,-0.5385,-2.0621,1.6315,-4.8174,-36.267,-1.4098,-3.2925,-2.5342,0.9141
2021/05/14,5,14.27,0.7768,-9.9117,-7.8761,-4.8667,-4.8667,-9.9117,-13.7765,-4.3566,-4.8667,0.7661,-1.4279,1.4373,-6.9126,-37.8569,-0.6164,-1.9536,-1.1832,-1.3278
2021/05/13,4,14.16,-3.6079,-8.052,-9.1725,-5.6,-5.6,-10.6061,-14.4412,-5.0938,-5.6,-4.6233,-2.6502,1.506,-7.635,-36.4731,-2.2694,-0.5004,-1.6768,-0.7357
2021/05/12,3,14.69,-3.1003,-5.2259,-6.1941,-2.0666,-2.0666,-7.2601,-11.2387,-1.5415,-2.0666,0.9869,1.5277,6.6641,-3.076,-32.9801,0.2029,0.1743,0.0839,1.507
2021/05/11,2,15.16,-3.3163,-3.1929,-2.508,1.0668,1.0668,-4.2929,-8.3988,1.6086,1.0668,1.0862,1.4552,6.9946,-4.247,-35.0693,0.4748,-0.0608,0.8498,1.3464
2021/05/10,1,15.68,-1.0101,-2.6692,0.8361,4.5334,4.5334,-1.0101,-5.2569,5.0939,4.5334,0.1935,0.6488,6.171,-5.6304,-38.6292,0.0886,-2.4668,0.3857,0.8836
2021/05/07,5,15.84,2.8571,-4.2901,3.8689,5.6001,5.6001,-4.2901,-4.2901,6.1663,5.6001,-0.5216,0.6801,7.1756,-5.9058,-39.564,1.0162,-3.0919,2.2266,0.7988
2021/05/06,4,15.4,-0.6452,-6.9487,1.7846,2.6668,2.6668,-6.9487,-6.9487,3.2172,2.6668,-0.2171,1.1274,7.5022,-5.1948,-39.8995,-1.6027,-3.9645,1.699,-0.2401
2021/05/05,3,15.5,-1.0217,-7.0743,3.2646,3.3335,3.3335,-6.3444,-6.3444,3.8875,3.3335,0.8998,0.0407,7.5223,-4.9918,-40.1251,-0.0369,-3.1838,3.0845,1.4026
2021/05/04,2,15.66,-2.7933,-5.9459,4.3306,4.4001,4.4001,-5.3776,-5.3776,4.9599,4.4001,0.2757,-0.3327,6.7125,-6.3313,-43.3098,-1.9119,-2.5208,3.154,0.756
2021/05/03,1,16.11,-2.6586,-2.5997,7.3286,7.4001,7.4001,-2.6586,-2.6586,7.976,7.4001,0.2333,-0.6791,6.6197,-6.3024,-44.2782,-0.5731,-0.0735,5.2523,3.452
2021/04/29,4,16.55,-0.7794,4.0881,10.3335,10.3335,10.3335,3.4375,10.925,10.925,10.3335,-1.3922,0.1796,5.0775,-9.4615,-48.351,-0.7937,1.4391,5.7222,-1.3278
2021/04/28,3,16.68,0.1802,4.4459,11.2002,11.2002,11.2002,4.2501,11.7964,11.7964,11.2002,0.5159,4.0937,5.258,-5.5567,-48.3305,0.6855,2.2113,5.3353,1.6317
2021/04/27,2,16.65,0.6651,4.3888,11.0001,11.0001,11.0001,4.0625,11.5953,11.5953,11.0001,-0.0581,3.9814,4.7012,-3.8601,-50.1261,0.6239,2.8245,4.5977,3.1297
2021/04/26,1,16.54,3.375,3.9598,10.2668,10.2668,10.2668,3.375,10.858,10.858,10.2668,2.3742,3.1359,4.731,-4.6117,-51.8458,1.7764,2.0937,3.9081,2.2472
2021/04/23,5,16,0.6289,1.9758,6.6668,6.6668,6.6668,1.9758,7.2387,7.2387,6.6668,-1.2311,1.9284,0.9191,-5.6016,-54.1823,-0.8617,1.6995,1.4444,3.53
2021/04/22,4,15.9,-0.4383,2.1852,6.0001,6.0001,6.0001,1.3385,6.5685,6.5685,6.0001,2.3924,3.4258,2.7273,-4.2182,-53.3463,-0.0489,3.3859,2.2144,4.3781
2021/04/21,3,15.97,0.1254,3.0988,6.4668,6.4668,6.4668,1.7846,7.0376,7.0376,6.4668,0.4063,-0.1786,-0.107,-9.1604,-59.0121,1.2831,2.7519,1.5178,5.9891
2021/04/20,2,15.95,0.2514,2.3092,6.3334,6.3334,6.3334,1.6571,6.9035,6.9035,6.3334,-0.8896,0.2891,-0.5406,-10.4116,-55.7831,-0.0871,0.2583,0.1552,1.7956
2021/04/19,1,15.91,1.4022,1.5965,6.0668,6.0668,6.0668,1.4022,6.6355,6.6355,6.0668,1.1792,2.1895,0.3985,-7.2129,-55.4712,1.3892,-0.0698,0.2468,1.2545
2021/04/16,5,15.69,0.8355,0.9004,4.6001,4.6001,4.6001,0.9004,5.1609,5.1609,4.6001,0.2868,2.1051,-1.2407,-9.5108,-56.6772,0.8398,-0.4576,1.065,-2.6956
2021/04/15,4,15.56,0.4519,0.4519,3.7334,3.7334,3.7334,0.0643,4.2896,4.2896,3.7334,-1.1626,2.421,-2.3504,-9.7548,-57.2922,-0.719,-0.4076,-0.2845,-3.5669
2021/04/14,3,15.49,-0.6414,1.5738,3.2667,3.2667,3.2667,-0.3858,3.8204,3.8204,3.2667,0.8534,3.9959,-1.9464,-6.4985,-57.1851,-1.1622,1.3096,0.6425,-2.8181
2021/04/13,2,15.59,-0.447,3.0403,3.9333,3.9333,3.9333,0.2572,4.4906,4.4906,3.9333,1.0026,3.1881,-2.8764,-7.0547,-62.1706,-0.4073,3.0152,1.8408,-0.7212
2021/04/12,1,15.66,0.7074,4.3304,4.4,4.4,4.4,0.7074,4.9598,4.9598,4.4,1.1012,1.881,-3.9808,-9.7206,-63.7471,0.9977,3.212,2.267,-2.468
2021/04/09,5,15.55,0.3873,3.5976,3.6667,3.6667,3.6667,3.5976,4.2225,4.2225,3.6667,0.6165,0.7431,-8.4836,-10.3905,-66.5596,0.8834,2.1848,-1.7596,-4.3717
2021/04/08,4,15.49,1.5738,3.1979,3.2667,3.2667,3.2667,3.1979,3.8204,3.8204,3.2667,0.4289,0.1072,-8.3956,-11.0525,-66.8484,1,1.2795,-2.7491,-5.3103
2021/04/07,3,15.25,0.7931,2.2118,1.6667,1.6667,1.6667,1.5989,2.2118,2.2118,1.6667,-0.008,-0.2555,-8.0726,-11.899,-70.02,0.512,-0.2558,-3.3528,-8.5664
2021/04/06,2,15.13,0.7995,0.8667,0.8667,0.8667,0.8667,0.7995,1.4075,1.4075,0.8667,-0.3143,-0.8504,-8.0004,-12.9399,-72.7841,-0.2534,-0.1171,-3.8584,-11.1485
2021/04/01,4,15.01,0.6032,0.0667,0.0667,0.0667,0.0667,0.0667,0.6032,0.6032,0.0667,0.07,-3.8413,-6.2491,-12.5841,-74.799,-0.5125,-3.2076,-2.8835,-13.636
2021/03/31,3,14.92,-0.5333,-0.5333,-0.5333,-0.5333,-0.5333,-0.5333,-0.5333,-0.5333,-0.5333,-0.5964,-3.5032,-6.2852,-12.5866,-75.6082,0.6377,-2.9559,-2.3476,-12.9814
